{
  "B": 1.6,
  "CO2_in": "0.0500000*0.0425000*(760.000-23.8000)*0.00100000",
  "Flow": 0.004,
  "HCO3_in": 0.03,
  "I": 0.17,
  "I1": 0.1,
  "I25": 0.25,
  "Kadk_adp": 0.00035,
  "Kadk_amp": 0.00032,
  "Kadk_atp": 0.00027,
  "Kald_dhap": 0.002,
  "Kald_fbp": 5e-05,
  "Kald_gap": 0.001,
  "Kck_Iadp": 1.5e-05,
  "Kck_Iatp": 0.004346,
  "Kck_Icr": 0.058,
  "Kck_Ii": 0.001,
  "Kck_Ipcr": 0.0039,
  "Kck_cr": 0.0038,
  "Kck_iadp": 0.000135,
  "Kck_iatp": 0.0035,
  "Kck_ipcr": 0.0039,
  "Kck_pcr": 0.00111,
  "Ken_2pg": 0.0001,
  "Ken_pep": 0.00037,
  "Keq_CA": "power(10.0000, -6.15700)",
  "Kg3pdh_dhap": 0.00022,
  "Kg3pdh_g3p": 0.00018,
  "Kg3pdh_nad": 1.2e-05,
  "Kg3pdh_nadh": 8e-06,
  "Kgapdh_bpg": 8e-07,
  "Kgapdh_gap": 2.5e-06,
  "Kgapdh_nad": 9e-05,
  "Kgapdh_nadh": 3.3e-06,
  "Kgapdh_pi": 0.00029,
  "KgpA_g1p": 0.0027,
  "KgpA_glyb": 0.00015,
  "KgpA_glyf": 0.0017,
  "KgpA_ig1p": 0.0101,
  "KgpA_igly": 0.002,
  "KgpA_ipi": 0.0047,
  "KgpA_pi": 0.004,
  "KgpB_g1p": 0.0015,
  "KgpB_ig1p": 0.0074,
  "KgpB_iglyb": 0.0044,
  "KgpB_iglyf": 0.015,
  "KgpB_ipi": 0.0046,
  "KgpB_pi": 0.0002,
  "Kgp_amp": 3.875e-06,
  "Klac1": 0.0255,
  "Kldh_lac": 0.017,
  "Kldh_nad": 0.000849,
  "Kldh_nadh": 2e-06,
  "Kldh_pyr": 0.000335,
  "Kmadp": 4.8339e-05,
  "Kmpfk": 6e-05,
  "Kpfk_adp": 0.0027,
  "Kpfk_adpT": 0.0027,
  "Kpfk_atp": 8e-05,
  "Kpfk_atpT": 0.00025,
  "Kpfk_f6p": 0.00018,
  "Kpfk_f6pT": 0.02,
  "Kpfk_fbp": 0.00402,
  "Kpfk_fbpT": 0.00402,
  "Kpfki": "0.000870000*10.0000",
  "Kpgi_f6p": 0.000119,
  "Kpgi_g6p": 0.00048,
  "Kpgk_3pg": 0.0012,
  "Kpgk_adp": 8e-06,
  "Kpgk_atp": 0.00035,
  "Kpgk_bpg": 0.002,
  "Kpglm_g1p": 6.3e-05,
  "Kpglm_g6p": 3e-05,
  "Kpgm_2pg": 1.4e-05,
  "Kpgm_3pg": 0.0002,
  "Kpk_adp": 0.0003,
  "Kpk_atp": 0.00113,
  "Kpk_pep": 8e-05,
  "Kpk_pyr": 0.00705,
  "Ktpi_dhap": 0.00061,
  "Ktpi_gap": 0.00032,
  "Lo": 13.0,
  "MOPSt": 0.0,
  "NH_ADP3": 12.0,
  "NH_AMP2": 12.0,
  "NH_ATP4": 12.0,
  "NH_H": 1.0,
  "NH_H2O": 2.0,
  "NH_HCR": 9.0,
  "NH_HPCR": 8.0,
  "NH_HPi2": 1.0,
  "NH_NAD": 26.0,
  "NH_NADH": 27.0,
  "NH_U13DPG": 4.0,
  "NH_U2PG": 4.0,
  "NH_U3PG": 4.0,
  "NH_UDHAP": 5.0,
  "NH_UF6P": 11.0,
  "NH_UFDP": 10.0,
  "NH_UG1P": 11.0,
  "NH_UG3P": 7.0,
  "NH_UG6P": 11.0,
  "NH_UGAP": 5.0,
  "NH_ULAC": 5.0,
  "NH_UPEP": 2.0,
  "NH_UPYR": 3.0,
  "PO2ratio": 4.2,
  "PSVCO2": 2.3084,
  "R": 0.008314,
  "RQ": 1.0,
  "RTalpha": 2.91482,
  "T": 298.15,
  "V_cell": "0.0550000*0.670000*0.00100000",
  "V_ec": "0.000149000-(0.0550000/1.06000)*0.00100000",
  "Vbbg3pdh": 0.631,
  "Vbbpgi": 1.3155,
  "Vbbpgk": 0.0212,
  "Vfadk": 2.5627,
  "Vffald": 0.0412,
  "Vffen": 1.943,
  "Vffgad": 0.1865,
  "Vffldh": 0.2687,
  "Vffpfk": 0.0127,
  "Vffpglm": 0.0177,
  "Vffpgm": 0.2046,
  "Vffpk": 0.0996,
  "Vfftpi": 0.348,
  "Vfgly": 0.0127,
  "VforCK": 11.1371,
  "VmaxOxPhos": 0.0037,
  "Vmax_MCT": 0.00462138,
  "X_CA": 740.0,
  "alphadebye": 1.17582,
  "bufcapfixed": 0.0141865,
  "c0": 1.0,
  "clamp": 1,
  "d": 0.01,
  "dNH_GLY": -10.0,
  "dNavgG6Pdmg": 0.0,
  "dNavgGAPdmg": 0.0,
  "dNavgPYRdmg": 0.0,
  "deltaGof_ADP3": -1906.13,
  "deltaGof_AMP2": -1040.45,
  "deltaGof_ATP4": -2768.1,
  "deltaGof_H": 0.0,
  "deltaGof_H2O": -237.19,
  "deltaGof_HPi2": -1096.1,
  "deltaGof_NAD": 0.0,
  "deltaGof_NADH": 22.65,
  "deltaGof_U13DPG": -2356.14,
  "deltaGof_U2PG": -1496.38,
  "deltaGof_U3PG": -1502.54,
  "deltaGof_UDHAP": -1296.26,
  "deltaGof_UF6P": -1760.8,
  "deltaGof_UFDP": -2601.4,
  "deltaGof_UG1P": -1756.87,
  "deltaGof_UG3P": -1339.25,
  "deltaGof_UG6P": -1763.94,
  "deltaGof_UGAP": -1288.6,
  "deltaGof_ULAC": -516.72,
  "deltaGof_UPEP": -1263.65,
  "deltaGof_UPYR": -472.27,
  "e_": 0.01,
  "fracA": 0.01,
  "k": 0.14,
  "kf_hydrCO2": "0.0469000*60.0000",
  "kut": 0.0827,
  "nH": 1.8805,
  "nnHH": 2.429,
  "pKa1_13DPG": 7.5,
  "pKa1_2PG": 7.0,
  "pKa1_3PG": 6.21,
  "pKa1_CR": 2.3,
  "pKa1_DHAP": 5.9,
  "pKa1_FDP": 6.4,
  "pKa1_GAP": 6.45,
  "pKa1_PEP": 6.35,
  "pKa1_PYR": 2.49,
  "pKak_2PG": 1.18,
  "pKak_ADP": 1.0,
  "pKak_PCR": 0.31,
  "pKak_PEP": 1.08,
  "pKak_Pi": 0.5,
  "pKamg_2PG": 2.45,
  "pKamg_DHAP": 1.57,
  "pKamg_FDP": 2.7,
  "pKamg_G3P": 1.63,
  "pKamg_LAC": 0.98,
  "pKamg_PEP": 2.26,
  "pKmct1": 8.89,
  "slopeint_1": "1000.00*2.04742",
  "slopeint_2": "1000.00*0.0138384"
}