{
  "B": 1.6,
  "I1": 0.1,
  "Kref_CK": 258000000.0,
  "NH_ADP3": 12.0,
  "NH_AMP2": 12.0,
  "NH_ATP4": 12.0,
  "NH_H": 1.0,
  "NH_H2O": 2.0,
  "NH_HCR": 9.0,
  "NH_HPCR": 8.0,
  "NH_HPi2": 1.0,
  "NH_NAD": 26.0,
  "NH_NADH": 27.0,
  "NH_U13DPG": 4.0,
  "NH_U2PG": 4.0,
  "NH_U3PG": 4.0,
  "NH_UDHAP": 5.0,
  "NH_UF6P": 11.0,
  "NH_UFDP": 10.0,
  "NH_UG1P": 11.0,
  "NH_UG3P": 7.0,
  "NH_UG6P": 11.0,
  "NH_UGAP": 5.0,
  "NH_ULAC": 5.0,
  "NH_UPEP": 2.0,
  "NH_UPYR": 3.0,
  "Par_1": 0.05,
  "Par_10": 0.0002,
  "Par_100": 29.0,
  "Par_11": 0.0046,
  "Par_12": 0.015,
  "Par_13": 0.0015,
  "Par_14": 0.0074,
  "Par_15": 0.0044,
  "Par_16": 0.00266055,
  "Par_17": 0.02,
  "Par_18": 1.75052,
  "Par_19": 0.48,
  "Par_2": 0.002,
  "Par_20": 6.3e-05,
  "Par_21": 3e-05,
  "Par_22": 0.88,
  "Par_23": 0.00048,
  "Par_24": 0.000119,
  "Par_25": 0.056,
  "Par_26": 0.00018,
  "Par_27": 0.02,
  "Par_28": 8e-05,
  "Par_29": 0.00025,
  "Par_3": 0.0017,
  "Par_30": 0.00402,
  "Par_31": 0.00402,
  "Par_32": 0.0027,
  "Par_33": 0.0027,
  "Par_34": 0.00087,
  "Par_35": 6e-05,
  "Par_36": 0.01,
  "Par_37": 0.01,
  "Par_38": 13.0,
  "Par_39": 0.0106591,
  "Par_4": 0.004,
  "Par_40": 5e-05,
  "Par_41": 0.002,
  "Par_42": 0.001,
  "Par_43": 12.0,
  "Par_44": 0.00032,
  "Par_45": 0.00061,
  "Par_46": 0.0825,
  "Par_47": 0.00018,
  "Par_48": 1.2e-05,
  "Par_49": 0.00022,
  "Par_5": 0.002,
  "Par_50": 8e-06,
  "Par_51": 1.265,
  "Par_52": 2.5e-06,
  "Par_53": 9e-05,
  "Par_54": 0.00029,
  "Par_55": 8e-07,
  "Par_56": 3.3e-06,
  "Par_57": 1.12,
  "Par_58": 0.002,
  "Par_59": 8e-06,
  "Par_6": 0.0047,
  "Par_60": 0.0012,
  "Par_61": 0.00035,
  "Par_62": 1.12,
  "Par_63": 0.0002,
  "Par_64": 1.4e-05,
  "Par_65": 0.192,
  "Par_66": 0.0001,
  "Par_67": 0.00037,
  "Par_68": 1.44,
  "Par_69": 8e-05,
  "Par_7": 0.00015,
  "Par_70": 0.0003,
  "Par_71": 0.00705,
  "Par_72": 0.00113,
  "Par_73": 1.92,
  "Par_74": 0.000335,
  "Par_75": 2e-06,
  "Par_76": 0.017,
  "Par_77": 0.000849,
  "Par_78": 0.5,
  "Par_79": 0.00111,
  "Par_8": 0.0027,
  "Par_80": 0.0035,
  "Par_81": 0.000135,
  "Par_82": 0.0039,
  "Par_83": 0.0038,
  "Par_84": 0.88,
  "Par_85": 0.00032,
  "Par_86": 0.00027,
  "Par_87": 0.00035,
  "Par_88": 0.0,
  "Par_89": 0.0001,
  "Par_9": 0.0101,
  "Par_90": 0.1,
  "Par_91": 0.015,
  "Par_92": 0.025,
  "Par_93": 0.01,
  "Par_94": 303.15,
  "Par_95": 0.005,
  "Par_96": 0.08,
  "Par_97": 1.0,
  "Par_98": 7.4,
  "Par_99": 1.0,
  "R": 0.008314,
  "RT2dadT": 1.4775,
  "RTalpha": 2.91482,
  "T1": 298.15,
  "alphadebye": 1.17582,
  "c0": 1.0,
  "dNH_GLY": -10.0,
  "dNavg13DPGdmg": 0.0,
  "dNavg3PGdmg": 0.0,
  "dNavgCRdmg": 0.0,
  "dNavgF6Pdmg": 0.0,
  "dNavgG6Pdmg": 0.0,
  "dNavgGAPdmg": 0.0,
  "dNavgPYRdmg": 0.0,
  "deltaGof_ADP3": -1906.13,
  "deltaGof_AMP2": -1040.45,
  "deltaGof_ATP4": -2768.1,
  "deltaGof_H": 0.0,
  "deltaGof_H2O": -237.19,
  "deltaGof_HPi2": -1096.1,
  "deltaGof_NAD": 0.0,
  "deltaGof_NADH": 22.65,
  "deltaGof_U13DPG": -2356.14,
  "deltaGof_U2PG": -1496.38,
  "deltaGof_U3PG": -1502.54,
  "deltaGof_UDHAP": -1296.26,
  "deltaGof_UF6P": -1760.8,
  "deltaGof_UFDP": -2601.4,
  "deltaGof_UG1P": -1756.87,
  "deltaGof_UG3P": -1339.25,
  "deltaGof_UG6P": -1763.94,
  "deltaGof_UGAP": -1288.6,
  "deltaGof_ULAC": -516.72,
  "deltaGof_UPEP": -1263.65,
  "deltaGof_UPYR": -472.27,
  "deltaH1o_ADP": -3.0,
  "deltaH1o_AMP": -3.0,
  "deltaH1o_ATP": -5.0,
  "deltaH1o_G1P": -1.7,
  "deltaH1o_G3P": -3.1,
  "deltaH1o_LAC": -0.33,
  "deltaH1o_PCR": 2.66,
  "deltaH1o_Pi": 3.0,
  "deltaHko_ATP": -1.0,
  "deltaHmgo_ADP": -15.0,
  "deltaHmgo_AMP": -7.5,
  "deltaHmgo_ATP": -18.0,
  "deltaHmgo_G1P": -12.0,
  "deltaHmgo_PCR": 8.19,
  "deltaHmgo_Pi": -2.9,
  "deltaHo_CKo": -17.55,
  "fixmg": 1.0,
  "pKa1_13DPG": 7.5,
  "pKa1_2PG": 7.0,
  "pKa1_3PG": 6.21,
  "pKa1_CR": 2.3,
  "pKa1_DHAP": 5.9,
  "pKa1_F6P": 5.89,
  "pKa1_FDP": 6.4,
  "pKa1_G6P": 6.11,
  "pKa1_GAP": 6.45,
  "pKa1_PEP": 6.35,
  "pKa1_PYR": 2.49,
  "pKa2_FDP": 5.92,
  "pKak_2PG": 1.18,
  "pKak_ADP": 1.0,
  "pKak_PCR": 0.31,
  "pKak_PEP": 1.08,
  "pKak_Pi": 0.5,
  "pKamg_2PG": 2.45,
  "pKamg_DHAP": 1.57,
  "pKamg_FDP": 2.7,
  "pKamg_G3P": 1.63,
  "pKamg_LAC": 0.98,
  "pKamg_PEP": 2.26
}