{
  "C": 1,
  "E_b": -59.87,
  "F": 96484.6,
  "Ki": 145,
  "Ko": 5.4,
  "Nai": 18,
  "Nao": 140,
  "PR_NaK": 0.01833,
  "R": 8314,
  "T": 310,
  "g_Kp": 0.0183,
  "g_Na": 23,
  "g_b": 0.03921,
  "stim_amplitude": -25.5,
  "stim_duration": 2,
  "stim_end": 9000,
  "stim_period": 1000,
  "stim_start": 100
}