{
  "AOM": 1.00002,
  "BFM": 0.989949,
  "EXC": 1,
  "EXCXP2": 0.17,
  "HM": 40.0381,
  "OMM": 57.1,
  "OVA": 204.497,
  "PK2": 0.79167,
  "PM5": 30
}