{
  "CM_tot": 0.045,
  "CQ_tot": 10,
  "Cao": 2,
  "Cm": 32,
  "EC50_SR": 0.45,
  "E_CaL": 45,
  "E_CaT": 45,
  "E_st": 37.4,
  "F": 96485,
  "HSR": 2.5,
  "K1ni": 395.3,
  "K1no": 1628,
  "K2ni": 2.289,
  "K2no": 561.4,
  "K3ni": 26.44,
  "K3no": 4.663,
  "K_up": 0.0006,
  "Kci": 0.0207,
  "Kcni": 26.44,
  "Kco": 3.663,
  "Ki": 140,
  "Km_Kp": 1.4,
  "Km_Nap": 14,
  "Km_fCa": 0.00035,
  "Ko": 5.4,
  "L_cell": 70,
  "L_sub": 0.02,
  "MaxSR": 15,
  "Mgi": 2.5,
  "MinSR": 1,
  "Nai": 10,
  "Nao": 140,
  "P_up": 0.012,
  "Qci": 0.1369,
  "Qco": 0,
  "Qn": 0.4315,
  "R": 8314.4,
  "R_cell": 4,
  "T": 310.15,
  "TC_tot": 0.031,
  "TMC_tot": 0.062,
  "VIf_half": -64,
  "V_i_part": 0.46,
  "V_jsr_part": 0.0012,
  "V_nsr_part": 0.0116,
  "alpha_fCa": 0.021,
  "g_CaL": 0.464,
  "g_CaT": 0.1832,
  "g_Kr": 0.08113973,
  "g_Ks": 0.0259,
  "g_b_Ca": 0.0006,
  "g_b_Na": 0.00486,
  "g_if": 0.15,
  "g_st": 0.003,
  "g_sus": 0.02,
  "g_to": 0.252,
  "i_NaK_max": 2.88,
  "kNaCa": 187.5,
  "kb_CM": 0.542,
  "kb_CQ": 0.445,
  "kb_TC": 0.446,
  "kb_TMC": 0.00751,
  "kb_TMM": 0.751,
  "kf_CM": 227.7,
  "kf_CQ": 0.534,
  "kf_TC": 88.8,
  "kf_TMC": 227.7,
  "kf_TMM": 2.277,
  "kiCa": 0.5,
  "kim": 0.005,
  "koCa": 10,
  "kom": 0.06,
  "ks": 250000,
  "tau_dif_Ca": 0.04,
  "tau_tr": 40
}