{
  "CT": 1,
  "Ca_c": 2.5,
  "Cm": 5e-05,
  "E_Ca_T": 38,
  "E_Ca_app": 50,
  "F": 96487,
  "I_up_max": 2.8,
  "KmK1": 0.59,
  "Mg_i": 2.5,
  "Na_c": 140,
  "PM": 0,
  "P_Na": 1.4e-06,
  "R": 8314,
  "T": 308,
  "Vol_Ca": 5.884e-06,
  "Vol_c": 2.5e-06,
  "Vol_i": 1.26e-05,
  "Vol_rel": 4.4e-08,
  "Vol_up": 3.969e-07,
  "alpha_rel": 200,
  "d_NaCa": 0.0003,
  "g_B_Ca": 3.1e-05,
  "g_B_Na": 6.4e-05,
  "g_Ca_L": 0.004,
  "g_Ca_T": 0.006,
  "g_K1": 0.00508,
  "g_Kr": 0.0035,
  "g_Ks": 0.0025,
  "g_to": 0.050002,
  "gamma": 0.45,
  "i_CaP_max": 0.009509,
  "i_NaK_max": 0.06441,
  "k_CaP": 0.0002,
  "k_F3": 0.815,
  "k_NaCa": 2e-05,
  "k_NaK_K": 1,
  "k_NaK_Na": 11,
  "k_cyca": 0.0003,
  "k_rel": 0.0003,
  "k_srca": 0.5,
  "k_xcs": 0.4,
  "shiftK1": -3.6,
  "steepK1": 1.393,
  "stim_amplitude": -20,
  "stim_duration": 0.0002,
  "stim_end": 100,
  "stim_period": 0.5,
  "stim_start": 0.01,
  "tau_tr": 0.01
}