{
  "ADP_e": 0,
  "AMP_e": 0,
  "ATP_e": 0,
  "C_im": 6.756756756756757e-06,
  "Ctot": 0.0027,
  "F": 0.096484,
  "K_AK": 0.4331,
  "K_DD": 0.000347,
  "K_DT": 2.4e-05,
  "K_e": 0.15,
  "Mg_tot": 0.005,
  "NADtot": 0.00297,
  "Pi_e": 0.000125,
  "Qtot": 0.00135,
  "RT": 2.4734,
  "W_m": 0.72376,
  "dG_C1o": -69.37,
  "dG_C3o": -32.53,
  "dG_C4o": -122.94,
  "dG_F1o": 36.03,
  "gamma": 5.99,
  "k_O2": 0.00012,
  "k_Pi1": 0.00013413,
  "k_Pi2": 0.00067668,
  "k_Pi3": 0.00019172,
  "k_Pi4": 0.02531,
  "k_PiH": 0.00045082,
  "k_dHPi": "1.00000*(power(10.0000, -6.75000))",
  "k_dHadp": "1.00000*(power(10.0000, -6.29000))",
  "k_dHatp": "1.00000*(power(10.0000, -6.48000))",
  "k_mADP": 3.5e-06,
  "legend_constants_59": 0.0,
  "mincond": 1e-12,
  "n_A": 3,
  "pH_e": 7.1,
  "p_A": 85,
  "r": 4.5807,
  "x_AK": 0,
  "x_ANT": 0.0079204,
  "x_C1": 0.36923,
  "x_C3": 0.091737,
  "x_C4": 3.2562e-05,
  "x_DH": 0.09183,
  "x_F1": 150.93,
  "x_Hle": 250,
  "x_K": 0,
  "x_KH": 29802000.0,
  "x_MgA": 1000000,
  "x_Pi1": 339430,
  "x_Pi2": 327,
  "x_buff": 100
}