{
  "AMP": 500.0,
  "Amtot": 15.0,
  "Cbas": 0.05,
  "Cmito": 1.8,
  "FRT": 0.037410133,
  "JGK": 0.4,
  "JGPDHbas": 0.0005,
  "NADmtot": 10.0,
  "VCa": 25.0,
  "VK": -75.0,
  "Vc_Ver": 31.0,
  "VmaxPFK": 5.0,
  "alpha": 4.5e-06,
  "atot": 2500.0,
  "bottom1": 1,
  "cm": 5300.0,
  "delta": "3.90000/53.2000",
  "f13": 0.02,
  "f23": 0.2,
  "f41": 20,
  "f42": 20,
  "f43": 20,
  "fcyt": 0.01,
  "fer": 0.01,
  "fmito": 0.01,
  "gCa": 1000.0,
  "gK": 2700.0,
  "gamma": 0.001,
  "gkATP_": 16000.0,
  "gkCa": 300.0,
  "k1": 30,
  "k2": 1,
  "k3": 50000,
  "k4": 1000,
  "kGPDH": 0.0005,
  "kPMCA": 0.1,
  "kSERCA": 0.4,
  "kappa": 0.001,
  "kd": 0.5,
  "khyd": 5e-05,
  "khydbas": 5e-05,
  "lambda": 0.06,
  "p1": 400.0,
  "p10": 177.0,
  "p11": 5.0,
  "p13": 10.0,
  "p14": 190.0,
  "p15": 8.5,
  "p16": 35.0,
  "p17": 0.002,
  "p18": -0.03,
  "p19": 0.35,
  "p2": 1.0,
  "p20": 2.0,
  "p21": 0.04,
  "p22": 1.1,
  "p23": 0.01,
  "p24": 0.016,
  "p3": 0.01,
  "p4": 0.6,
  "p5": 0.1,
  "p6": 177.0,
  "p7": 5.0,
  "p8": 7.0,
  "p9": 0.1,
  "pleak": 0.0002,
  "sm": 12.0,
  "sn": 5.0,
  "tau_n": 20.0,
  "topa1": 0,
  "v": -20.0,
  "vn": -16.0
}