{
  "k0": 8.7831e-11,
  "k2": 0.0006,
  "k3": 4.8e-06,
  "k4": 2100000000000.0,
  "k6": 0.000891,
  "k7": 0.006831,
  "km": 6.9001e-14
}