{
  "A1": -29,
  "A2": 138,
  "A3": 129,
  "Am": 546.69,
  "CMDN_tot": 0.05,
  "CSQN_tot": 15,
  "Ca50ref": 0.00105,
  "Cao": 1.8,
  "Cm": 0.01,
  "F": 96845.0,
  "HTRPN_tot": 0.14,
  "I_NaK": 0.013,
  "I_pCa": 0.0115,
  "K_mCMDN": 0.00238,
  "K_mCSQN": 0.8,
  "K_mCa": 1.38,
  "K_mKo": 1.5,
  "K_mNa": 87.5,
  "K_mNai": 10,
  "K_m_ns_Ca": 0.0012,
  "K_mpCa": 0.0005,
  "K_mup": 0.0005,
  "Kz": 0.15,
  "LTRPN_tot": 0.07,
  "Nao": 140,
  "P_Ca": 3.375e-05,
  "P_K": 1e-09,
  "P_NaK": 0.01833,
  "P_ns_Ca": 1.75e-09,
  "R": 8314.5,
  "T": 310,
  "TRPN_tot": 0.07,
  "Tref": 56.2,
  "V_myo": 0.92,
  "a": 2,
  "a_1": 0.35,
  "alpha0": 0.008,
  "alpha1": 0.03,
  "alpha2": 0.13,
  "alpha3": 0.625,
  "alphar1": 0.002,
  "alphar2": 0.00175,
  "b": 2,
  "beta0": 4.9,
  "beta1": -4,
  "dlambdadt": 0,
  "eta": 0.35,
  "f": 0.3,
  "f_": 0,
  "g": 2,
  "g_": 0,
  "g_Cab": 6.032e-05,
  "g_K1_max": 0.0075,
  "g_K_max": 0.001128,
  "g_Kp": 8.28e-05,
  "g_Na": 0.128,
  "g_Nab": 1.41e-05,
  "gamma_trpn": 2,
  "i_Ca_L_Ca_half": -0.00458,
  "k_NaCa": 50,
  "k_a_minus": 0.1425,
  "k_a_plus": 12150000000.0,
  "k_b_minus": 1.93,
  "k_b_plus": 40500000.0,
  "k_c_minus": 0.0008,
  "k_c_plus": 0.018,
  "k_htrpn_minus": 6.6e-05,
  "k_htrpn_plus": 20,
  "k_ltrpn_minus": 0.04,
  "k_ltrpn_plus": 40,
  "k_sat": 0.1,
  "koff": 0.2,
  "kon": 100,
  "lambda": 1,
  "mCa": 3,
  "nCa": 4,
  "nHill": 3,
  "nRel": 3,
  "omega": 0.01,
  "stim_amplitude": -100,
  "stim_duration": 1,
  "stim_end": 9000,
  "stim_period": 750,
  "stim_start": 100,
  "tau_tr": 34.48,
  "tau_xfer": 3.125,
  "v1": 1.8,
  "v2": 5.8e-05,
  "v3": 0.0018,
  "zp": 0.85
}