{
  "E": 7,
  "MKP3": 2.4,
  "PP2A": 11.4,
  "PP2A_1": 11.4,
  "V10": 0.0154,
  "V12": 0.289,
  "V26": 2620,
  "V28": 17000,
  "V30": 20000,
  "V32": 20000,
  "V4": 62.5,
  "k10": 340,
  "k11": 0.181,
  "k12": 0.0571,
  "k13": 11.7,
  "k14": 8.07,
  "k15": 317,
  "k16": 2200,
  "k16_1": 2200,
  "k17": 317,
  "k18": 60,
  "k18_1": 60,
  "k19": 146000,
  "k20": 160,
  "k21": 146000,
  "k22": 60,
  "k26": 3680,
  "k27": 39.1,
  "k28": 9.02,
  "k30": 80000,
  "k31": 4.35,
  "k31_1": 4.35,
  "k32": 80000,
  "k33": 12,
  "k33_1": 12,
  "k4": 50,
  "kb1": 0.00076,
  "kb2": 0.1,
  "kb23": 2,
  "kb24": 0.0985,
  "kb25": 0.047,
  "kb29": 234,
  "kb3": 0.01,
  "kb34": 0,
  "kb5": 1,
  "kb6": 5,
  "kb7": 546,
  "kb8": 15700,
  "kb9": 0,
  "kf1": 0.0012,
  "kf11": 0.222,
  "kf13": 1.53,
  "kf14": 0.00673,
  "kf15": 3.5,
  "kf16": 0.058,
  "kf17": 2.9,
  "kf18": 0.058,
  "kf19": 9.5,
  "kf2": 0.01,
  "kf20": 0.3,
  "kf21": 16,
  "kf22": 0.27,
  "kf23": 0.1,
  "kf24": 9.85,
  "kf25": 45.8,
  "kf27": 16.9,
  "kf29": 507,
  "kf3": 1,
  "kf31": 0.107,
  "kf33": 0.211,
  "kf34": 0.001,
  "kf5": 0.1,
  "kf6": 20,
  "kf7": 60,
  "kf8": 2040,
  "kf9": 40.8,
  "one": 1,
  "one_1": 1,
  "one_2": 1,
  "two": 2
}