{
  "C_s": 0.005,
  "D_A": 0.7,
  "D_C": 0.189,
  "D_R": 0.0007,
  "IP": 0,
  "Il": 0,
  "Io": 0.0,
  "K": 10,
  "K_l_p": 3000000.0,
  "K_o_p": 200000.0,
  "SP": 250,
  "X_b": 0.0007282,
  "X_bss": 0.0007282,
  "X_c": 0.0009127,
  "X_noe": 0.0,
  "X_pgex": 0.0,
  "X_y": 0.0073,
  "X_yss": 0.0073,
  "dB": 0.7,
  "f0": 0.05,
  "k1": 0.01,
  "k2": 10,
  "k3": 0.00058,
  "k4": 0.017,
  "k5": 0.02,
  "k6": 3,
  "kP": 86,
  "k_B": 0.189,
  "k_Fs": 1.0,
  "k_byp": 0.1,
  "k_for": 0.001,
  "k_nod": 1000.0,
  "k_nokl": 100.0,
  "k_nopg": 10.0,
  "k_nopge": 1.0,
  "k_opgd": 0.35,
  "k_pged": 100.0,
  "k_pger": 0.0001,
  "k_rB": 1.0,
  "k_res": 0.01,
  "k_y": 1.0,
  "k_yd": 1.0,
  "k_yno": 20000.0,
  "k_ypge": 100.0,
  "ko": 0.35,
  "rl": 1000.0
}