{
  "ATP_i": 6.5,
  "AcCoA": 0.0002,
  "C_Kint": 1.0,
  "C_PN": 10.0,
  "C_mito": 1.812,
  "Cm": 15.0,
  "CoA": 0.02,
  "ET_CAT": 0.001,
  "ET_CS": 0.4,
  "ET_GPX": 0.00141,
  "ET_GR": 0.00127,
  "ET_IDH": 0.109,
  "ET_KGDH": 0.5,
  "ET_MDH": 0.154,
  "ET_SDH": 0.5,
  "ET_SOD": 0.0004,
  "F": 96480,
  "FAD": 0.01,
  "FADH2": 1.24,
  "GL": 0.0782,
  "GLU": 20,
  "GT": 1.0,
  "Gmax": 7.82,
  "H": 2.5e-05,
  "KCa": 0.375,
  "KE_ACO": 2.22,
  "KF1": 1710000.0,
  "KM_GSSG": 1.94,
  "KM_NADPH": 38.7,
  "KNa": 9.4,
  "K_act": 0.38,
  "K_trans": 19.0,
  "Ka_ADP": 0.062,
  "Ka_Ca": 1.41,
  "Kcat_CS": 3.2,
  "Kcat_IDH": 1.94,
  "Kcat_KGDH": 0.15,
  "Kcat_MDH": 27.75,
  "Kcat_SDH": 1.0,
  "Kcc": 0.01,
  "Kd_Ca": 1.27,
  "Kd_Mg": 0.0308,
  "Ke_AAT": 6.6,
  "Ke_FH": 1.0,
  "Ke_SL": 3.115,
  "Kf_ACO": 12.5,
  "Kh_1": 8.1e-05,
  "Kh_2": 5.98e-05,
  "Ki_FUM": 1.3,
  "Ki_H2O2": 0.5,
  "Ki_NADH": 0.19,
  "Ki_OAA": 0.0031,
  "Kisdh_OAA": 0.15,
  "Km_AcCoA": 0.0126,
  "Km_ISOC": 1.52,
  "Km_MAL": 1.493,
  "Km_NAD": 0.923,
  "Km_NAD_1": 38.7,
  "Km_NAD_2": 0.2244,
  "Km_OAA": 0.00064,
  "Km_Suc": 0.03,
  "Km_alpha_KG": 1.94,
  "Kres": 1.35e+18,
  "Kres_F": 57650000000000.0,
  "L": 110.0,
  "Mg": 0.4,
  "NADPH": 1.0,
  "Na_i": 10.0,
  "Pi": 20.0,
  "R": 8.315,
  "T": 310.16,
  "Vmax_ANT": 0.05,
  "Vmax_NaCa": 0.005,
  "Vmax_uni": 0.000625,
  "a": 0.001,
  "b": 10000.0,
  "b_1": 0.5,
  "delta_pH": -0.6,
  "delta_psi_0": 0.091,
  "delta_psi_B": 0.05,
  "delta_psi_bm": 0.004,
  "f": 0.0003,
  "fr": 50.0,
  "g": 0.85,
  "gH": 0.01,
  "h": 0.5,
  "j": 0.12,
  "k1_CAT": 17000.0,
  "k1_GR": 0.0308,
  "k1_SOD": 2400000.0,
  "k3_SOD": 48000.0,
  "k5_SOD": 0.5,
  "k_C_ASP": 0.01,
  "k_offset": 0.0399,
  "kappa": 70.0,
  "kf_AAT": 0.644,
  "kf_FH": 0.83,
  "kf_SL": 0.127,
  "kh1": 1.13e-05,
  "kh2": 26.7,
  "kh3": 6.68e-09,
  "kh4": 5.62e-06,
  "n": 3.0,
  "n_alpha_KG": 1.2,
  "na": 2.8,
  "ni": 1,
  "p1": 1.346e-08,
  "p2": 7.739e-07,
  "p3": 6.65e-15,
  "pa": 1.656e-05,
  "pb": 3.373e-07,
  "pc1": 9.651e-14,
  "pc2": 4.585e-14,
  "phi1_GPX": 0.15,
  "phi2_GPX": 0.5,
  "pulse_value": 1,
  "pulse_value_1": 0.15,
  "r1": 2.077e-18,
  "r2": 1.728e-09,
  "r3": 1.059e-26,
  "ra": 6.394e-10,
  "rb": 1.762e-13,
  "rc1": 2.656e-19,
  "rc2": 8.632e-27,
  "rho_F1": 0.06,
  "rho_res": 0.0006,
  "rho_res_F": 0.0045,
  "shunt": 0.05,
  "stim_duration": 0.4,
  "stim_end": 10000,
  "stim_start": 0
}