{
  "A": 1,
  "B": 80,
  "C": 0.375,
  "E_es_ao": 0.6913,
  "E_es_lvf": 2.8798,
  "E_es_pa": 0.369,
  "E_es_pu": 0.0073,
  "E_es_rvf": 0.585,
  "E_es_spt": 48.754,
  "E_es_vc": 0.0059,
  "L_av": 0.00012189,
  "L_mt": 7.6968e-05,
  "L_pv": 0.00014868,
  "L_tc": 8.0093e-05,
  "P_0_lvf": 0.1203,
  "P_0_pcd": 0.5003,
  "P_0_rvf": 0.2157,
  "P_0_spt": 1.1101,
  "P_th": -4,
  "R_av": 0.018,
  "R_mt": 0.0158,
  "R_pul": 0.1552,
  "R_pv": 0.0055,
  "R_sys": 1.0889,
  "R_tc": 0.0237,
  "V_0_lvf": 0,
  "V_0_pcd": 200,
  "V_0_rvf": 0,
  "V_0_spt": 2,
  "V_d_ao": 0,
  "V_d_lvf": 0,
  "V_d_pa": 0,
  "V_d_pu": 0,
  "V_d_rvf": 0,
  "V_d_spt": 2,
  "V_d_vc": 0,
  "V_tot": 5.5,
  "lambda_lvf": 0.033,
  "lambda_pcd": 0.03,
  "lambda_rvf": 0.023,
  "lambda_spt": 0.435,
  "one": 1,
  "period": 0.75
}