{
  "K_ADP": 0.25,
  "K_ADP_1": 0.25,
  "K_ASA": 0.11,
  "K_ASA_1": 0.24,
  "K_ATP": 0.98,
  "K_ATP_1": 0.072,
  "K_ATP_2": 0.22,
  "K_NADP": 0.144,
  "K_NADPH": 0.029,
  "K_NADPH_1": 0.037,
  "K_NADP_1": 0.067,
  "K_Pi": 10.2,
  "K_asp": 0.97,
  "K_asp_1": 0.32,
  "K_aspp": 0.017,
  "K_aspp_1": 0.022,
  "K_aspp_2": 0.017,
  "K_eq": 0.00064,
  "K_eq_1": 284000,
  "K_eq_2": 100000000000,
  "K_eq_3": 0.00064,
  "K_hs": 3.39,
  "K_hs_1": 0.11,
  "K_hsp": 0.31,
  "K_iATP": 4.35,
  "K_iLys": 9.45,
  "K_iLys_1": 0.391,
  "K_iThr": 0.167,
  "K_iThr_1": 0.097,
  "K_iThr_2": 1.09,
  "K_ihs": 4.7,
  "V_max_AK_I": 463,
  "V_max_AK_III": 299,
  "V_max_ASD": 598,
  "V_max_HDH": 2585,
  "V_max_HK": 483,
  "V_max_TS": 208,
  "alpha": 2.47,
  "alpha_1": 3.93,
  "h": 1.41,
  "h_Lys": 2.8,
  "h_Thr": 4.09,
  "legend_constants_42": 0.0
}