{
  "AOM": 1.00002,
  "BFN": 2.79521,
  "HM": 40.0381,
  "O2M": 164,
  "OVA": 204.497
}