{
  "alpha": 1,
  "ka": 1,
  "kcd": 0.0277777778,
  "ki": 0.333333333,
  "klid": 0.25,
  "kr": 0.033333333,
  "p_RI": 8,
  "p_RII": 4
}