{
  "ATPi": 3,
  "A_cap": 0.0001534,
  "CMDN_max": 0.05,
  "CSQN_max": 10,
  "CSQNthresh": 0.7,
  "Ca_NSR_max": 15,
  "Cao": 1.8,
  "F": 96485,
  "G_K1": 0.75,
  "G_Kr": 0.02614,
  "G_Ks": 0.433,
  "G_rel_max": 60,
  "G_rel_overload": 4,
  "I_NaK": 2.25,
  "I_pCa": 1.15,
  "I_up": 0.00875,
  "K_mCMDN": 0.00238,
  "K_mCSQN": 0.8,
  "K_mKo": 1.5,
  "K_mNai": 10,
  "K_mTn": 0.0005,
  "K_m_ns_Ca": 0.0012,
  "K_mpCa": 0.0005,
  "K_mrel": 0.0008,
  "K_mup": 0.00092,
  "Km_Ca": 0.0006,
  "Ko": 5.4,
  "Logicthresh": 0.98,
  "Nao": 140,
  "PNaK": 0.01833,
  "P_Ca": 0.00054,
  "P_K": 1.93e-07,
  "P_Na": 6.75e-07,
  "P_ns_Ca": 1.75e-07,
  "R": 8314,
  "T": 310,
  "Tn_max": 0.07,
  "c1": 0.00025,
  "c2": 0.0001,
  "delta_Ca_ith": 0.00018,
  "delta_m": 1e-05,
  "g_CaT": 0.05,
  "g_Cab": 0.003016,
  "g_K_Na": 0.12848,
  "g_Kp": 0.00552,
  "g_Na": 16,
  "g_Nab": 0.004,
  "g_to": "0.00000*0.500000",
  "gamma": 0.15,
  "gamma_Cai": 1,
  "gamma_Cao": 0.341,
  "gamma_Ki": 0.75,
  "gamma_Ko": 0.75,
  "gamma_Nai": 0.75,
  "gamma_Nao": 0.75,
  "hATP": 2,
  "i_K_ATP_on": 1,
  "kATP": 0.00025,
  "kdKNa": 66,
  "nATP": 0.24,
  "nKNa": 2.8,
  "nicholsarea": 5e-05,
  "preplength": 0.1,
  "radius": 0.011,
  "stim_amplitude": -25.5,
  "stim_duration": 2,
  "stim_end": 9000000,
  "stim_period": 1000,
  "stim_start": 100,
  "tau_tr": 180
}