{
  "CL_B": 1.67,
  "CL_M": 4.29,
  "CL_OMD_c": 0.00895,
  "CL_dopa_0": 0.823,
  "CLd_B": 0.072,
  "CLd_M": 1.06,
  "F_B": 0.022,
  "F_G": 1.0,
  "F_Ro": 1,
  "Q": 0.828,
  "V1_B": 0.202,
  "V1_M": 0.0691,
  "V2_B": 0.127,
  "V2_M": 3.2,
  "V_OMD_c": 0.128,
  "V_dopa": 0.496,
  "f_H": 0.13,
  "fm": 0.15,
  "ka_B": 0.94,
  "ka_M": 2.47,
  "ka_c_dopa": 1.29,
  "ki": 0.00246
}