{
  "Kmc": 0.1,
  "Kmcr": 0.1,
  "Kmi": 0.01,
  "Kmir": 0.01,
  "Kmp": 0.001,
  "Kmu": 0.01,
  "Kmu2": 0.05,
  "Kmur": 0.01,
  "Kmur2": 0.05,
  "Kmw": 0.1,
  "Kmwr": 0.1,
  "V2": 0.25,
  "V25": 0.5,
  "V25_": 0.025,
  "V2_": 0.0075,
  "V6": 7.5,
  "V6_": 0.0375,
  "Vw": 0.35,
  "Vw_": 0.035,
  "alpha": 0.25,
  "beta": 0.05,
  "k1": 0.015,
  "k2_": 0.05,
  "k3": 0.09375,
  "k4": 0.1875,
  "k5": 0.00175,
  "k6_": 0,
  "k7": 100,
  "k7r": 0.1,
  "k8": 10,
  "k8r": 0.1,
  "kc": 1,
  "kcr": 0.25,
  "ki": 0.4,
  "kir": 0.1,
  "kp": 3.25,
  "ku": 0.2,
  "ku2": 1,
  "kur": 0.1,
  "kur2": 0.3,
  "kw": 1,
  "kwr": 0.25,
  "mu": 0.00495
}