{
  "CMDN_max": 0.05,
  "CSQN_max": 10,
  "CT_K_Cl_max": 7.0756e-06,
  "CT_Na_Cl_max": 9.8443e-06,
  "Ca_MK_0": 0.05,
  "Ca_o": 1.8,
  "Cl_o": 100,
  "Cm": 1,
  "F": 96485,
  "K_o": 5.4,
  "NSR_max": 15,
  "Na_o": 140,
  "R": 8314,
  "T": 310,
  "TRPN_max": 0.07,
  "Vol_cell": 0.3454,
  "X_NaCa": 0.4,
  "X_q_up": 0.5,
  "alpha_Ca_MK": 0.05,
  "b_SL_max": 1.124,
  "b_SR_max": 0.047,
  "beta_Ca_MK": 0.00068,
  "dkm_plb_max": 0.00017,
  "dq_up_Ca_MK_max": 0.75,
  "g_Ca_L": 0.3392328,
  "g_Ca_T": 0.13,
  "g_Cl_b": 0.000225,
  "g_K_b": 0.005,
  "g_K_p": 0.00276,
  "g_Na": 8,
  "g_NaK": 0.61875,
  "g_Na_L": 0.037375,
  "g_Na_b": 0.0025,
  "g_to_1": 0.14135944,
  "gamma_Cai": 1,
  "gamma_Cao": 0.341,
  "i_Ca_p_max": 0.0575,
  "i_NaCa_max": 4.5,
  "k_sat": 0.27,
  "km_CMDN": 0.00238,
  "km_CSQN": 0.8,
  "km_Ca_MK": 0.15,
  "km_Ca_act": 0.000125,
  "km_Ca_i": 0.0036,
  "km_Ca_o": 1.3,
  "km_Ca_p": 0.0005,
  "km_K_o": 1.5,
  "km_Na_i_1": 12.3,
  "km_Na_i_2": 10,
  "km_Na_o": 87.5,
  "km_TRPN": 0.0005,
  "km_b_SL": 0.0087,
  "km_b_SR": 0.00087,
  "km_to_2": 0.1502,
  "km_up": 0.00092,
  "length": 0.01,
  "p_Ca": 0.000243,
  "p_Ca_b": 1.995084e-07,
  "p_Cl": 4e-07,
  "q_leak_max": 0.004375,
  "q_up_max": 0.004375,
  "r_NaK": 0.01833,
  "radius": 0.0011,
  "rcg": 2,
  "stim_amplitude": -80,
  "stim_end": 1,
  "stim_start": 0,
  "tau_Ca_MK_max": 10,
  "tau_a": 1.0,
  "tau_ro": 3,
  "tau_ss": 0.2,
  "tau_tr": 120,
  "z_Ca": 2,
  "z_Cl": -1
}