{
  "d_6": 0.000283,
  "k1": 0.000185,
  "k10": 1.25e-06,
  "k110": 0.00037,
  "k120": 1.4e-05,
  "k130": 1.25e-06,
  "k140": 0.00037,
  "k15": 0.000185,
  "k16": 1.25e-06,
  "k17": 0.00037,
  "k18": 0.0005,
  "k19": 0.0002,
  "k2": 1.25e-06,
  "k20": 0.0001,
  "k21": 0.0001,
  "k22": 6e-05,
  "k23": 0.1,
  "k24": 0.000185,
  "k25": 1.25e-06,
  "k26": 0.00037,
  "k28": 0.0005,
  "k29": 0.75,
  "k3": 0.000185,
  "k4": 1.25e-06,
  "k5": 0.000185,
  "k6": 1.25e-06,
  "k7": 0.000185,
  "k8": 1.25e-06,
  "k9": 0.000185,
  "k_14": 41.6,
  "k_m1": 1000000.0,
  "p": 0.00175
}