{
  "C_c_Imp": 0.1124,
  "C_m_Imp": 0.1033,
  "C_s_Imp": 0.04525,
  "F": 96.48,
  "J_a_max": 2.69e-06,
  "J_mc_KCl_max": 6.31e-08,
  "J_mc_NaCl_max": 3.21e-05,
  "K_Na_ATPase": 0.012,
  "K_mc_Cl_KCl": 0.0213,
  "K_mc_Cl_NaCl": 0.0192,
  "K_mc_K_KCl": 0.053,
  "K_mc_Na_NaCl": 0.0511,
  "L_mc_v": 5.22e-09,
  "L_ms_v": 0.0,
  "L_sc_v": 5.22e-07,
  "P_mc_Cl": 1.43e-06,
  "P_mc_K": 4.9e-07,
  "P_mc_Na": 3.27e-06,
  "P_ms_Cl": 2.4e-06,
  "P_ms_K": 4.8e-06,
  "P_ms_Na": 4.8e-06,
  "P_sc_Cl": 9.16e-05,
  "P_sc_K": 0.000474,
  "RT": 2.579,
  "psi_c": -86.4,
  "psi_m": -28.0,
  "psi_s": 0.0
}