{
  "A0_HERG": 0.017147641733086,
  "A1_HERG": 0.03969328381141,
  "A2_HERG": 0.02057448605977,
  "A3_HERG": 0.00134366604423,
  "A4_HERG": 0.10666316491288,
  "A5_HERG": 0.00646393910049,
  "A6_HERG": 8.039374403e-05,
  "Acap": 0.0001534,
  "B0_HERG": 0.03304608038835,
  "B1_HERG": -0.0430605416398,
  "B2_HERG": 0.02617412715118,
  "B3_HERG": -0.02691385498399,
  "B4_HERG": 0.00568908859717,
  "B5_HERG": -0.04536642959543,
  "B6_HERG": 6.9808924e-07,
  "C0ks_C1ks": 0.00795601,
  "C1ks_O1ks": 0.0396672,
  "CMDNtot": 0.05,
  "CSQN2": 0,
  "Cao": 2,
  "EGTAtot": 0,
  "Faraday": 96.5,
  "GCab": 7.684e-05,
  "GK1": 0.125305126118808,
  "GKr": 0.0186,
  "GKs": 0.0035,
  "GNa": 56.32,
  "GNab": 0.001,
  "H50C1O1": 1,
  "H50O1C2": 1,
  "HN": 2.5,
  "HTRPNtot": 0.14,
  "HmaxC1O1": 0.5,
  "HmaxC2O1": 0.5,
  "Hmin": 5,
  "ICahalf": -0.265,
  "INaKmax": 2.387,
  "IpCamax": 0.05,
  "KSR": 1.2,
  "Kfb": 0.000168,
  "KmCMDN": 0.00238,
  "KmCSQN": 0.8,
  "KmCa": 1.38,
  "KmEGTA": 0.00015,
  "KmKo": 1.5,
  "KmNa": 87.5,
  "KmNai": 20,
  "KmpCa": 0.0005,
  "Ko": 4,
  "Krb": 3.29,
  "Kv43Frac": 0.889,
  "KvScale": 0.872,
  "LTRPNtot": 0.07,
  "Nao": 138,
  "Nfb": 1.2,
  "Nrb": 1,
  "Pscale": 7,
  "Rgas": 8.315,
  "RyR2": 0,
  "TNa": 294.16,
  "T_Const_HERG": 5.320000001,
  "Temp": 310,
  "Temp_Scale": 1.38862,
  "VJSR": 1.6e-07,
  "VNSR": 2.1e-06,
  "VSS": 1.2e-09,
  "Vmyo": 2.584e-05,
  "a1_Cainf": 0.82,
  "aL": 2,
  "aaKv14": 0.00768548031,
  "aaKv43": 0.028983,
  "aiKv43": 0.000373016,
  "alphaa0Kv14": 1.84002414554,
  "alphaa0Kv43": 0.543708,
  "alphai0Kv14": 0.00305767916,
  "alphai0Kv43": 0.0498424,
  "b1Kv14": 1.00947847105,
  "b1Kv43": 6.77348,
  "b2Kv14": 1.17100540567,
  "b2Kv43": 15.6212705152,
  "b3Kv14": 0.63902768758,
  "b3Kv43": 28.7532603313,
  "b4Kv14": 2.12035379095,
  "b4Kv43": 524.576206679,
  "bL": 2,
  "baKv14": 0.07793378174,
  "baKv43": 0.0468437,
  "betaa0Kv14": 0.0108174834,
  "betaa0Kv43": 0.080185,
  "betai0Kv14": 2.44936e-06,
  "betai0Kv43": 0.000819482,
  "biKv43": 5.374e-08,
  "eta": 0.35,
  "f1Kv14": 0.52465073996,
  "f1Kv43": 1.8936,
  "f2Kv14": 17.51885408639,
  "f2Kv43": 14.224647456,
  "f3Kv14": 938.58764534556,
  "f3Kv43": 158.574378389,
  "f4Kv14": 54749.194733326,
  "f4Kv43": 142.936645351,
  "fL": 0.3,
  "gL": 4,
  "iso": 0,
  "kNaCa": 0.44,
  "kaminus": 0.576,
  "kaplus": 0.01215,
  "kbminus": 1.93,
  "kbplus": 0.00405,
  "kcminus": 0.0008,
  "kcplus": 0.1,
  "khtrpn_minus": 6.6e-05,
  "khtrpn_plus": 20,
  "kltrpn_minus": 0.04,
  "kltrpn_plus": 40,
  "kryr": 1,
  "ksat": 0.2,
  "mcoop": 3,
  "ncoop": 4,
  "omega": "0.250000*0.0100000",
  "parameter_a": 1.40043,
  "stim_amplitude": -15,
  "stim_duration": 3,
  "stim_offset": 100,
  "stim_period": 500,
  "tautr": 0.5747,
  "tauxfer": 26.7,
  "v1": 1.8,
  "vmaxf": 7.48e-05,
  "vmaxr": 0.000318
}