{
  "ALCLK": 0.3,
  "AMK": 1.037,
  "KID": 0.08,
  "KOD": 0.0804374,
  "NID": 0.1,
  "NOD": 0.0959449,
  "STH": 0.977181,
  "TRPL": 0,
  "TVD": 0.000980838,
  "VIDML": 0.01,
  "VUD": 0.000989
}