{
  "A2": 0.0006,
  "A4": 3.57,
  "A5": 2.7e-05,
  "A6": 2.31e-05,
  "Bm": 100.0,
  "CO": 1800.0,
  "Cm": 20.0,
  "ENSCC": 0.0,
  "F": 0.09649,
  "KINH": 10.0,
  "KMCU": 10.0,
  "KNCX": 0.3,
  "KNSCC": 0.12,
  "KNa": 10000.0,
  "KPM": 1.0,
  "K_beta": 2.0,
  "Km": 0.01,
  "P": 1.0,
  "R": 0.008314,
  "R1": 36.0,
  "R3": 300.0,
  "T": 310.16,
  "VMCU": 800.0,
  "VNCX": 0.5,
  "VSERCA": 100000.0,
  "delta_s": 26.0,
  "gCa": 0.01,
  "gNSCC_Ca_": 0.12,
  "gNSCC_Na_": 220.0,
  "gNa": 15000.0,
  "gPM": 420.0,
  "g_alpha": 0.02,
  "g_beta": 300.0,
  "gamma_ER": 20.0,
  "gamma_MT": 200.0,
  "gamma_S1": 100.0,
  "gamma_S2": 1.0,
  "hINH": 4.0,
  "hNSCC": 3.0,
  "hNa": 4.0,
  "h_beta": 2.0,
  "k1": 0.0,
  "k2": 4.0,
  "kIPR": 2000.0,
  "k_1": 6.4,
  "mu_S1S2": 0.04,
  "r2": 200.0,
  "r4": 750.0,
  "r_2": 0.0
}