{
  "HKM": 0.53333,
  "HM6": 1850,
  "HM8": 4.714e-08,
  "HMK": 90,
  "PO2AMB": 150,
  "REK": 1,
  "RKC": 5.8e-06,
  "TRRBC": 0,
  "VP": 3.00449
}