{
  "CR_tot": 0.0427,
  "C_IM": 6.75e-06,
  "C_tot": 0.0027,
  "F": 0.096484,
  "K_AK": 0.4331,
  "K_CK": 1660000000.0,
  "K_DD": 0.000347,
  "K_DT": 2.4e-05,
  "K_c": 0.15,
  "NAD_tot": 0.00297,
  "O2_x": 3.48e-05,
  "Q_tot": 0.00135,
  "RT": 2.5775,
  "V_cyto": 0.894,
  "V_mito": 0.056,
  "W_c": "0.807000*1.04400",
  "W_m": "0.664000*1.09000",
  "X_A": 85,
  "X_AK": 10000000.0,
  "X_ANT": 0.008123,
  "X_AtC": 0.0,
  "X_C1": 4405.0,
  "X_C3": 4.887,
  "X_C4": 6.766e-05,
  "X_CK": 10000000.0,
  "X_DH": 0.0866,
  "X_F1": 1000.0,
  "X_Hle": 200,
  "X_K": 0,
  "X_KH": 56510000.0,
  "X_MgA": 10000000.0,
  "X_PI1": 385000.0,
  "X_PI2": 327,
  "dG_C1o": -69.37,
  "dG_C3o": -32.53,
  "dG_C4o": -122.94,
  "dG_F1o": 36.03,
  "gamma": 5.99,
  "k_O2": 0.00012,
  "k_PI1": 0.0001553,
  "k_PI2": 0.0008222,
  "k_PI3": 0.0003601,
  "k_PI4": 0.005651,
  "k_PIH": 0.0002542,
  "k_dHPI": "1.00000*(power(10.0000, -6.75000))",
  "k_dHadp": "1.00000*(power(10.0000, -6.29000))",
  "k_dHatp": "1.00000*(power(10.0000, -6.48000))",
  "k_mADP": 3.5e-06,
  "mincon": 1e-09,
  "mincond": 1e-06,
  "mincond_1": 1e-06,
  "n_A": 3,
  "pH_C": 7,
  "r": 4.559,
  "x_buff": 100
}