{
  "Ca_o": 1.8,
  "F": 96.4853415,
  "K_i": 140,
  "K_o": 5.4,
  "Na_o": 136,
  "R": 8.314472,
  "T": 308,
  "av": 11.3,
  "ax": 0.3576,
  "ay": 0.05,
  "bcal": 24,
  "bmem": 15,
  "bsar": 42,
  "btrop": 70,
  "cat": 3,
  "cpt": 6.09365,
  "cstar": 90,
  "cup": 0.5,
  "gNaCa": 0.84,
  "gNaK": 1.5,
  "gbarsr": 26841.8,
  "gca": 182,
  "gdyad": 9000,
  "gkix": 0.3,
  "gkr": 0.0125,
  "gks": 0.1386,
  "gleak": 2.069e-05,
  "gna": 12,
  "gryr": 2.58079,
  "gtof": 0.11,
  "gtos": 0.04,
  "k1t": 0.00413,
  "k2": 0.000103615,
  "k2t": 0.00224,
  "kj": 50,
  "kmem": 0.3,
  "ksar": 13,
  "pca": 0.00054,
  "prNaK": 0.01833,
  "r1": 0.3,
  "r2": 3,
  "s1t": 0.00195,
  "s6": 8,
  "srkd": 0.6,
  "srmax": 47,
  "stim_amplitude": -15,
  "stim_duration": 3,
  "stim_offset": 0,
  "stim_period": 400,
  "sx": 3,
  "sy": 4,
  "syr": 11.32,
  "tau3": 3,
  "taua": 100,
  "taud": 4,
  "taupo": 1,
  "taups": 0.5,
  "taur": 30,
  "tca": 78.0329,
  "vth": 0,
  "vup": 0.4,
  "vx": -40,
  "vy": -40,
  "vyr": -40,
  "wca": 8,
  "xkcal": 7,
  "xkdna": 0.3,
  "xkmko": 1.5,
  "xkmnai": 12,
  "xkoff": 0.0196,
  "xkon": 0.0327,
  "xmcai": 0.0036,
  "xmcao": 1.3,
  "xmnai": 12.3,
  "xmnao": 87.5
}