{
  "C": 3.2e-05,
  "Cab": 2,
  "F": 96485.3415,
  "K1ni": 395.3,
  "K1no": 1628,
  "K2ni": 2.289,
  "K2no": 561.4,
  "K3ni": 26.44,
  "K3no": 4.663,
  "Kb": 5.4,
  "KbK": 7e-05,
  "Kci": 0.0207,
  "Kcni": 26.44,
  "Kco": 3.663,
  "Kk": 0.00026,
  "KmCarel": 0.001,
  "KmCaup": 0.0005,
  "KmK": 1,
  "KmNa": 40,
  "Kmf": 10.3,
  "Nab": 140,
  "P_KNa": 0.035,
  "Qci": 0.1369,
  "Qco": 0,
  "Qn": 0.4315,
  "R": 8314.472,
  "T": 310,
  "V_i": 2.5e-06,
  "alpha_fL2": 3,
  "beta_fL2": 40000,
  "g_CaL": 0.4,
  "g_CaT": 0.085,
  "g_Na": 0.25,
  "g_Nab": 0.00024,
  "g_fK": 0.0135,
  "g_fNa": 0.0081,
  "i_pmax": 0.226,
  "i_up_max": 0.0212,
  "kNaCa": 4,
  "tau_b": 0.1,
  "tau_dL": 0.002,
  "tau_rel": 0.005,
  "tau_tr": 0.4
}