{
  "BFN": 2.79521,
  "CFC": 0.01167,
  "CMPTSS": 2,
  "CPK": 0.000253,
  "CPR": 40,
  "DFP": -4.078e-07,
  "GCOPF": 0.8092,
  "HYL": 60,
  "LPDE": 8,
  "LPK": 2.728e-14,
  "LPPR": 0.03,
  "PCE": 1,
  "PCR": 15,
  "PGHF": -2,
  "PLDF": 4.2,
  "PPD": 4.4805e-06,
  "PVS": 3.71612,
  "RVS": 2.77751,
  "TRPL": 0,
  "TSSLML": 0.15,
  "TSSLTC": 0.005,
  "VEC": 14.8548,
  "VPF": 0.0123238,
  "VTSF": 6
}