{
  "A_cap": 0.0001534,
  "CMDN_tot": 0.05,
  "CSQN_tot": 15,
  "C_sc": 0.001,
  "Cao": 2,
  "EGTA_tot": 0,
  "F": 96.4853415,
  "HTRPN_tot": 0.14,
  "I_NaK": 0.693,
  "I_pCa": 0.05,
  "K_NaCa": 0.3,
  "K_SR": 1,
  "K_fb": 0.000168,
  "K_mCMDN": 0.00238,
  "K_mCSQN": 0.8,
  "K_mCa": 1.38,
  "K_mEGTA": 0.00015,
  "K_mK1": 13,
  "K_mKo": 1.5,
  "K_mNa": 87.5,
  "K_mNai": 10,
  "K_mpCa": 5e-05,
  "K_rb": 3.29,
  "K_sat": 0.2,
  "Ko": 4,
  "LTRPN_tot": 0.07,
  "N_fb": 1.2,
  "N_rb": 1,
  "Nao": 138,
  "P_Ca": 0.0003125,
  "P_K": 5.79e-07,
  "R": 8.314472,
  "T": 310,
  "V_JSR": 1.6e-07,
  "V_NSR": 2.1e-06,
  "V_SS": 1.2e-09,
  "V_myo": 2.584e-05,
  "Vmaxf": 0.0813,
  "Vmaxr": 0.318,
  "a": 2,
  "b": 2,
  "eta": 0.35,
  "f": 300,
  "fprime": 7,
  "g": 2000,
  "g_Cab": 0.0003842,
  "g_K1": 2.8,
  "g_Kp": 0.002216,
  "g_Kr": 0.0034,
  "g_Ks": 0.0027134,
  "g_Na": 12.8,
  "g_Nab": 0.0031,
  "g_to1": 0.23815,
  "gprime": 7000,
  "i_Ca_half": -0.265,
  "k_a_minus": 576,
  "k_a_plus": 12150000000000.0,
  "k_b_minus": 1930,
  "k_b_plus": 4050000000.0,
  "k_c_minus": 0.8,
  "k_c_plus": 100,
  "k_htrpn_minus": 0.066,
  "k_htrpn_plus": 20000,
  "k_ltrpn_minus": 40,
  "k_ltrpn_plus": 40000,
  "m": 3,
  "n": 4,
  "omega": 10,
  "stim_amplitude": -21.1268,
  "stim_duration": 0.002,
  "stim_end": 100000000,
  "stim_period": 1,
  "stim_start": 0.1,
  "tau_factor": 1,
  "tau_tr": 0.0005747,
  "tau_xfer": 0.0267,
  "v1": 1800
}