{
  "AU4": -0.060024,
  "AUC1": 0.3,
  "AUDMP": 0.3,
  "AUK": 0.004,
  "AUL": 1.5,
  "AULPM": 0,
  "AUM1": 3,
  "AUM2": 1,
  "AUMAX": 5.0,
  "AUMIN": 0.4,
  "AUN1": 0.5,
  "AUS": 1,
  "AUSLP": 1.5,
  "AUV": 0.55,
  "AUX": 1,
  "AUY": 0,
  "BAROTC": 0.16,
  "CRRFLX": 0,
  "EXC": 1,
  "EXCML": 0.01,
  "EXCXP": 1.0,
  "EXE": 0,
  "MDMP": 0,
  "O2A": 0.1,
  "O2CHMO": 0.01,
  "PA": 103.525,
  "PLA": 2,
  "PO2ART": 97.0439,
  "PPA": 15.6376,
  "PRA": 0.00852183,
  "VV9": 2.51
}