{
  "ATPtot": 2.379,
  "CBF0": 0.012,
  "CBF0_1": 0.012,
  "CO2a": 1.2,
  "F": 96500,
  "G6P_inh_hk": 0.6,
  "GLCa": 4.8,
  "GLY_inh": 4.2,
  "HbOP": 8.6,
  "KO1": 1.0,
  "KO2": 1,
  "KO3": 1,
  "Ki_ATP": 0.7595,
  "Km_ADP": 0.00107,
  "Km_ATP": 0.01532,
  "Km_F6P_pfk": 0.18,
  "Km_F6P_pgi": 0.06,
  "Km_G6P": 0.5,
  "Km_G6P_glys": 0.5,
  "Km_GLC": 0.105,
  "Km_GLU": 0.05,
  "Km_GLY": 1.0,
  "Km_O2": 0.0029658,
  "Km_PYR": 0.0632,
  "Km_ce_GLC": 8.4568,
  "Km_cg_GLC": 9.92,
  "Km_ec_LAC": 0.764818,
  "Km_eg_GLC": 3.53,
  "Km_en_GLC": 5.32,
  "Km_gc_LAC": 0.12862,
  "Km_ge_LAC": 0.22163,
  "Km_ne_LAC": 0.09314,
  "Km_pump": 0.4243,
  "Ko2": 0.089733,
  "LACa": 0.313,
  "NADH_g_tot": 0.22,
  "NADH_n_tot": 0.22,
  "NAe": 150.0,
  "NAero": 3.0,
  "O2a": 8.34,
  "PCrg_tot": 5.0,
  "PCrn_tot": 5.0,
  "PScapg": 0.2457,
  "PScapn": 0.2202,
  "RT": 2577340,
  "R_GLU_NA": 0.075,
  "Rce": 0.0275,
  "Rcg": 0.022,
  "Rcn": 0.01222,
  "Reg": 0.8,
  "Ren": 0.4444444444444444,
  "Rng": 1.8,
  "Sm_g": 10500,
  "Sm_n": 40500,
  "Vc": 0.0055,
  "Vg": 0.25,
  "Vm": -70,
  "Vm_ce_GLC": 0.0489,
  "Vm_cg_GLC": 0.0098394,
  "Vm_ec_LAC": 0.0325,
  "Vm_eg_GLC": 0.038089,
  "Vm_en_GLC": 0.50417,
  "Vmax_eg_GLU": 0.0208,
  "Vmax_g_ATPase": 0.035657,
  "Vmax_g_gs": 0.3,
  "Vmax_g_hk": 0.050461,
  "Vmax_g_mito": 0.008454,
  "Vmax_gc_LAC": 0.00021856,
  "Vmax_ge_LAC": 0.086124,
  "Vmax_glyp": 4.922e-05,
  "Vmax_glys": 0.0001528,
  "Vmax_n_ATPase": 0.04889,
  "Vmax_n_hk": 0.0513,
  "Vmax_n_mito": 0.05557,
  "Vmax_ne_LAC": 0.1978,
  "Vmaxf_g_pgi": 0.5,
  "Vmaxf_n_pgi": 0.5,
  "Vmaxr_g_pgi": 0.45,
  "Vmaxr_n_pgi": 0.45,
  "Vn": 0.45,
  "Vv0": 0.0236,
  "aATP_mito": 5.0,
  "aG6P_inh_hk": 20.0,
  "aGLY_inh": 20.0,
  "dHb0": 0.064,
  "delta_GLY": 62,
  "deltaf": 0.42,
  "gg_NA": 0.00325,
  "gn_NA": 0.0039,
  "k1": 2.22,
  "k2": 0.46,
  "k3": 0.43,
  "kfg_ck": 0.0243,
  "kfg_ldh": 6.2613,
  "kfn_ck": 0.0524681,
  "kfn_ldh": 5.3,
  "kg_pfk": 0.403,
  "kg_pgk": 0.2514,
  "kg_pk": 2.73,
  "kn_pfk": 0.55783,
  "kn_pgk": 0.4287,
  "kn_pk": 28.6,
  "kpump": 3.17e-07,
  "krg_ck": 0.02073,
  "krg_ldh": 0.54682,
  "krn_ck": 0.015,
  "krn_ldh": 0.1046,
  "nH": 4.0,
  "nOP": 15.0,
  "nh_O2": 2.7,
  "nh_O2_1": 2.7,
  "qak": 0.92,
  "rATP_mito": 20.0,
  "sr": 4.59186,
  "sr_GLY": 4,
  "stim": 1,
  "t1": 2,
  "t_n_stim": 2,
  "tend": 300,
  "tend_GLY": 440,
  "to": 200,
  "to_GLY": 83,
  "tv": 35.0,
  "v1_n": 0.041,
  "v2_n": 2.55
}