{
  "k1": 0.025,
  "k1a": 1.0,
  "k1b": 0.01253,
  "k2": 0.02,
  "k2a": 5e-05,
  "k2b": 0.0002,
  "k2c": 0.0037,
  "k_1": 0.9,
  "k_2": 0.3,
  "r1": 273.0,
  "r2": 0.0003437,
  "r3": 44100000000.0,
  "r4": 0.009,
  "r5": 30000.0,
  "r6": 0.01506,
  "td": 2700,
  "td0": 1800.0
}