{
  "a0": 0.0014,
  "a1": 0.000517,
  "a2": 0.0164,
  "a3": 1.38,
  "a4": 0.6,
  "a5": 0.00498,
  "a6": 0.0084,
  "a7": 0.0081,
  "b1": 0.0598,
  "b2": 0.053,
  "b3": 0.0138
}