{
  "K": 30,
  "L": 0.1,
  "alpha": 0.008,
  "beta": 1.485,
  "gamma": 11.385,
  "k0": 8.7831e-11,
  "k2": 0.0006,
  "k3": 4.8e-06,
  "k4": 2100000000000.0,
  "k6": 0.000891,
  "k7": 0.006831,
  "km": 6.9001e-14
}