{
  "k1": 30000000.0,
  "k10b": 0.0543,
  "k126": 1.66e-07,
  "k127": 0.0,
  "k13": 2.17,
  "k15": 10000.0,
  "k16": 1.66e-05,
  "k17": 1.66e-05,
  "k18": 2.5e-05,
  "k19": 1.66e-07,
  "k2": 1.66e-05,
  "k20": 3.5e-06,
  "k21": 3.66e-07,
  "k22": 3.5e-05,
  "k23": 6.0,
  "k25": 1.66e-05,
  "k28": 1.66e-06,
  "k29": 1.17e-06,
  "k3": 1.0,
  "k32": 4e-07,
  "k33": 3.5e-05,
  "k34": 7.5e-06,
  "k35": 7.5e-06,
  "k36": 0.005,
  "k37": 1.5e-06,
  "k4": 1.73e-07,
  "k40": 5e-05,
  "k41": 5e-05,
  "k42": 0.000118,
  "k43": 0.0,
  "k44": 1.95e-05,
  "k45": 0.0,
  "k47": 0.0,
  "k48": 2.38e-05,
  "k49": 0.0,
  "k5": 0.0,
  "k50": 4.5e-07,
  "k52": 8.91e-05,
  "k53": 0.0,
  "k55": 0.0,
  "k56": 2.35e-05,
  "k57": 0.0,
  "k58": 8.33e-06,
  "k6": 0.0005,
  "k60": 0.0055,
  "k61": 0.00067,
  "k8": 1.66e-06,
  "kd1": 0.00384,
  "kd10": 0.011,
  "kd126": 2.0,
  "kd127": 0.0001,
  "kd13": 0.0,
  "kd15": 0.0,
  "kd17": 0.06,
  "kd18": 1.3,
  "kd19": 0.5,
  "kd2": 0.1,
  "kd20": 0.4,
  "kd21": 0.023,
  "kd22": 0.1,
  "kd23": 0.06,
  "kd24": 0.55,
  "kd25": 0.0214,
  "kd28": 0.0053,
  "kd29": 1.0,
  "kd3": 0.01,
  "kd32": 0.1,
  "kd33": 0.2,
  "kd34": 0.03,
  "kd35": 0.0015,
  "kd36": 0.0,
  "kd37": 0.3,
  "kd4": 0.00166,
  "kd40": 0.064,
  "kd41": 0.0429,
  "kd42": 0.2,
  "kd43": 1.0,
  "kd44": 0.0183,
  "kd45": 3.5,
  "kd47": 2.9,
  "kd48": 0.8,
  "kd49": 0.0568,
  "kd5": 0.0146,
  "kd50": 0.5,
  "kd52": 0.033,
  "kd53": 16.0,
  "kd55": 5.7,
  "kd56": 0.6,
  "kd57": 0.246,
  "kd58": 0.5,
  "kd6": 0.005,
  "kd60": 0.0,
  "kd61": 0.0,
  "kd63": 0.275,
  "kd8": 0.2,
  "legend_constants_95": 0.0
}