{
  "DT": 6.5,
  "DT_1": 6.5,
  "DT_2": 6.5,
  "DT_3": 6.5,
  "DT_4": 6.5,
  "E": 0.12,
  "E_1": 0.12,
  "E_2": 0.12,
  "E_3": 0.12,
  "E_4": 0.12,
  "K_10": 6000,
  "K_18": 6000,
  "K_19": 9000,
  "K_20": 600000,
  "K_21": 9000,
  "K_22": 600000,
  "K_23": 90000,
  "K_24": 600000,
  "K_25": 90000,
  "K_26": 600000,
  "K_27": 600000,
  "K_28": 20000,
  "K_9": 6000,
  "V_10": 300000,
  "V_18": 97000,
  "V_20": 920000,
  "V_22": 920000,
  "V_24": 200000,
  "V_26": 400000,
  "V_28": 75,
  "f": 0.2,
  "f_1": 0.2,
  "f_2": 0.2,
  "f_3": 0.2,
  "k1": 384210000,
  "k11": 0.002,
  "k12": 0.0163,
  "k14": 0.005,
  "k15": 720,
  "k16": 0.0012,
  "k17": 27,
  "k19": 50,
  "k2": 0.7,
  "k21": 50,
  "k23": 8.3,
  "k25": 8.3,
  "k27": 1.6,
  "k2_4": 1e-07,
  "k3": 0.0484,
  "k4": 0.001383,
  "k5": 0.35,
  "k6": 0.35,
  "k7": 1,
  "k8": 0.35,
  "k9": 12,
  "k_11": 0,
  "k_13": 15,
  "kn1": 0.73,
  "kn11": 3.81,
  "kn12": 10,
  "kn14": 60,
  "kn16": 3,
  "kn3": 0.7,
  "kn7": 0.000347,
  "v_1": 1
}