{
  "Ca_b": 2,
  "Cm": 5.5e-05,
  "E_Ca_L": 46.4,
  "E_Ca_T": 45,
  "F": 96485.3415,
  "K_NaCa": 1.248e-05,
  "K_b": 5.4,
  "K_m_K": 0.621,
  "K_m_Na": 5.46,
  "Mg_i": 2.5,
  "Na_b": 140,
  "P_Na": 0.00344,
  "R": 8314.472,
  "T": 310,
  "Vol": 3.497e-06,
  "alpha_rel": 0.5,
  "alpha_up": 0.08,
  "beta_up": 0.072,
  "d_NaCa": 0.0001,
  "g_B_Ca": 3.64e-05,
  "g_B_K": 6.94e-05,
  "g_B_Na": 0.00016,
  "g_Ca_L": 0.02115,
  "g_Ca_T": 0.02521,
  "g_f_K": 0.0128821,
  "g_f_Na": 0.0067478,
  "gamma": 0.5,
  "i_Ca_P_max": 0.02869,
  "i_NaK_max": 0.2192,
  "k_SRCa": 22,
  "k_cyca": 5e-05,
  "k_rel": 0.004,
  "k_xcs": 0.9,
  "tau_p": 0.01
}