{
  "Buf_c": 0.2,
  "Buf_sr": 10,
  "Buf_ss": 0.4,
  "Ca_o": 2,
  "Cm": 0.115,
  "EC": 1.5,
  "F": 96485.3415,
  "K_NaCa": 200,
  "K_buf_c": 0.001,
  "K_buf_sr": 0.3,
  "K_buf_ss": 0.00025,
  "K_mNa": 40,
  "K_mk": 1,
  "K_o": 5.4,
  "K_pCa": 0.0005,
  "K_sat": 0.1,
  "K_up": 0.00025,
  "Km_Ca": 1.38,
  "Km_Nai": 87.5,
  "Mg_Buf": 0.0356,
  "Na_o": 140,
  "P_NaK": 1.297,
  "P_kna": 0.03,
  "R": 8314.472,
  "SPM": 0.0014613,
  "Sotalol_mM": 0,
  "T": 310,
  "T_Base": 310,
  "V_sr": 0.001094,
  "V_ss": 5.468e-05,
  "Vmax_up": 0.006375,
  "Vol_c": 0.016404,
  "Vol_leak": 0.00036,
  "Vol_rel": 0.306,
  "Vol_xfer": 0.0038,
  "alpha": 2.5,
  "d_inf_shift": 5,
  "fac": 1.0648,
  "g_CaL": 2e-05,
  "g_K1_0": 0.6821,
  "g_Kr_0": 0.024,
  "g_Ks": 0.0392,
  "g_Na": 11,
  "g_bca": 0.0004736,
  "g_bna": 0.00029,
  "g_pCa": 0.0619,
  "g_pK": 0.00973,
  "g_to": 0.2,
  "gamma": 0.35,
  "k1_prime": 0.15,
  "k2_prime": 0.045,
  "k3": 0.06,
  "k4": 0.005,
  "kBinding": 0.005,
  "kDiss": 0.00125,
  "max_sr": 2.5,
  "min_sr": 1,
  "phi": 0.8838,
  "shift_INa_inact": 0,
  "stim_Period": 1000,
  "z": 2
}