{
  "k_1": 0.03523,
  "k_10": 0.12,
  "k_11": 0.12,
  "k_12": 0.1,
  "k_13": 0.35,
  "k_14": 0.01,
  "k_15": 0.01,
  "k_16": 0.03,
  "k_17": 0.01,
  "k_18": 0.0008,
  "k_19": 0.01,
  "k_2": 0.03523,
  "k_20": 0.01,
  "k_21": 0,
  "k_22": 0.01,
  "k_23": 0.01,
  "k_24": 2.82,
  "k_25": 0.55,
  "k_26": 2.82,
  "k_27": 0.55,
  "k_28": 2.82,
  "k_29": 0.55,
  "k_3": 0.32,
  "k_30": 42300,
  "k_31": 0.55,
  "k_32": 84.6,
  "k_33": 0.55,
  "k_34": 8.46,
  "k_35": 0.0005,
  "k_36": 4363.6,
  "k_37": 4363.6,
  "k_38": 4363.6,
  "k_39": 1,
  "k_4": 0.32,
  "k_40": 1,
  "k_41": 1,
  "k_42": 0.005,
  "k_43": 0.005,
  "k_44": 0.005,
  "k_45": 0.005,
  "k_46": 0.1,
  "k_47": 1,
  "k_48": 0.012,
  "k_49": 0.001,
  "k_5": 4.2e-05,
  "k_50": 0.6,
  "k_51": 0.6,
  "k_52": 0.005,
  "k_53": 0.001,
  "k_6": 1e-05,
  "k_7": 0.01,
  "k_8": 4e-05,
  "k_9": 5e-05,
  "k_growth": 0.0051,
  "legend_constants_54": 0.0
}