{
  "B_ER": 120000,
  "B_e": 150,
  "B_x": 50,
  "C_T": 67,
  "G_T": 100000.0,
  "K_1": 5,
  "K_2": 100,
  "K_ER": 1200,
  "K_c": 0.4,
  "K_e": 10,
  "K_x": 0.2,
  "L": 1000,
  "N_a": 6.02252e+17,
  "PIP_2_T": 50000000.0,
  "R_T": 20000.0,
  "a_2": 0.2,
  "alpha": 2.781e-05,
  "d_1": 0.13,
  "d_2": 1.05,
  "d_3": 0.943,
  "d_5": 0.0823,
  "delta": 0.001238,
  "epsilon_r": 0.185,
  "eta_1": 575,
  "eta_2": 5.2,
  "eta_3": 45,
  "k_3": 0.4,
  "k_a": 0.017,
  "k_d": 0.15,
  "k_deg": 1.25,
  "k_e": 0.006,
  "k_p": 0.03,
  "k_r": 0.000175,
  "r_r": 10,
  "v": 5e-13,
  "xi": 0.85
}