{
  "ADP": 0.0363,
  "ATP": 5,
  "Ca_i": 0.00015,
  "H_i": 0.0001,
  "P_i": 1,
  "k_m1": 16,
  "k_m2": 67200,
  "k_m3": 149,
  "k_p1": 25900,
  "k_p2": 2540,
  "k_p3": 20.5,
  "kdcai": 0.9,
  "kdcasr": 2.24,
  "kdh": 7.24e-05,
  "kdh1": 1.09e-05,
  "kdhi": 0.00354,
  "kdhsr": 1.05e-08,
  "legend_constants_28": 1.0,
  "n": 2
}