{
  "kact_M3pM9": 0.0019,
  "kact_M3pM9T1": 0.00057,
  "kact_M3pM9T1M3": 0.00057,
  "kact_M9T1M3": 0.000126,
  "kact_TrpM9": 0.002,
  "kact_TrpM9T1": 0.0006,
  "kact_TrpM9T1M3": 0.0006,
  "koff_M3T1": 0.000126,
  "koff_M3_pM9T1": 0.000126,
  "koff_M3pM9": 0.001,
  "koff_M3pM9T1": 0.001,
  "koff_M3pM9T1M3": 0.001,
  "koff_M9T1": 0.00025,
  "koff_M9T1_star": 1.6e-05,
  "koff_M9_M3T1": 34000.0,
  "koff_TrpM9": 0.007,
  "koff_TrpM9T1": 0.007,
  "koff_TrpM9T1M3": 0.007,
  "koff_pM9T1": 7.48e-05,
  "koff_pM9T1M3": 7.48e-05,
  "kon_M3T1": 1900000.0,
  "kon_M3_pM9T1": 1900000.0,
  "kon_M3pM9": 10000.0,
  "kon_M3pM9T1": 10000.0,
  "kon_M3pM9T1M3": 10000.0,
  "kon_M9T1": 0.00063,
  "kon_M9T1_star": 5600000.0,
  "kon_M9_M3T1": 7.48e-05,
  "kon_TrpM9": 10000.0,
  "kon_TrpM9T1": 10000.0,
  "kon_TrpM9T1M3": 10000.0,
  "kon_pM9T1": 34000.0,
  "kon_pM9T1M3": 34000.0
}