{
  "APequil": 9.09,
  "IRp": 8.97e-13,
  "K_d": 12,
  "PTEN": 1,
  "SHIP": 1,
  "V_max": 20,
  "k1": 60000000.0,
  "k3": 2500,
  "k4b": 0.0021,
  "k6": 0.461,
  "k7": 4.16,
  "k7b": "log(2.00000)/2.00000",
  "k9_stimulated": 1.39,
  "k_minus1": 0.2,
  "k_minus10": 2.77,
  "k_minus11": "10.0000*log(2.00000)*1.00000",
  "k_minus12": "10.0000*log(2.00000)*1.00000",
  "k_minus13": 0.167,
  "k_minus14": 0.001155,
  "k_minus4": 0.003,
  "k_minus4b": 0.00021,
  "k_minus5": 1.67e-18,
  "k_minus8": 10,
  "n": 4,
  "tau": 1.5
}