{
  "Beta_1": 0,
  "Beta_2": 36,
  "C_1": 2.6,
  "C_2": 0.02,
  "C_3": 2.3,
  "C_4": 10,
  "Ca_ext": 1300,
  "F": 96485,
  "J_ip3R0": 10,
  "Jer0": 0.0035,
  "Jipt0": 28,
  "Jryr0": 0,
  "K_ATP": 0.0001,
  "K_IP3": 0.01,
  "K_rc": 0.3,
  "Ka": 0.3722419,
  "Kb": 0.636005,
  "Kc": 0.0571428,
  "Kpm": 0.6,
  "Kserca": 0.04,
  "MechanicalStimulation": 0,
  "PIP2_Total": 5,
  "PIP2_Total_1": 25,
  "P_pm_1": 0.6,
  "P_pm_2": 28,
  "R": 8314,
  "T": 310,
  "V_ATP": 0.001,
  "V_mech0": 1,
  "Vm": -39,
  "Vpm": 0.072,
  "Vserca": 0.09,
  "alpha_1": 40,
  "alpha_4": 0.06,
  "beta_1": 0.8,
  "beta_4": 0.01,
  "gamma": 4.9,
  "k1_": 0.88,
  "k2": 0.5,
  "k3": 0.5,
  "k5": 0.02,
  "volume_i0": 1450,
  "z_Ca": 2
}