{
  "DOB": 163.508,
  "HM": 40.0381,
  "PL2": 1.8,
  "PO2AMB": 150,
  "QRO": 4.97838,
  "RMO": 56.8057,
  "VNTSTM": 1,
  "VPF": 0.0123238,
  "VPTISS": 0.0175
}