{
  "Ca_o": 2.5,
  "Cl_i": 88,
  "Cl_o": 134,
  "Cm": 0.025,
  "Cmito": 0.006995,
  "F": 96.4846,
  "G_max_BK": 23,
  "G_max_CaCl": 10.1,
  "G_max_ERG": 2.5,
  "G_max_Ltype": 2,
  "G_max_NSCC": 12.15,
  "G_max_Na": 20,
  "G_max_VDDR": 3,
  "G_max_bk": 0.15,
  "G_max_kv11": 6.3,
  "Glc": 1,
  "IP3": 0.0006,
  "J_ERleak": 1.666667,
  "J_hyd_max": 0.037625,
  "J_max_PMCA": 0.088464,
  "J_max_leak": 0.01,
  "J_red_basal": 0.3333,
  "Jmax_ANT": 15,
  "Jmax_IP3": 50000,
  "Jmax_NaCa": 0.05,
  "Jmax_serca": 1.8333,
  "Jmax_uni": 5000,
  "KCa_PDH": 5e-05,
  "K_Ca": 0.003,
  "K_F1": 1710000000.0,
  "K_Glc": 8.7,
  "K_Na": 9.4,
  "K_act": 0.00038,
  "K_hyd": 0.05125,
  "K_i": 120,
  "K_o": 7,
  "K_res": 1.35e+18,
  "K_trans": 0.006,
  "L": 50,
  "NaPerm_o_Kperm": 1.056075,
  "Na_i": 30,
  "Na_o": 137,
  "P_ER": 0.1,
  "P_PU": 0.001,
  "P_cyto": 0.7,
  "P_mito": 0.12871,
  "Pi_m": 20,
  "Q10Ca": 2.1,
  "Q10K": 1.5,
  "Q10Na": 2.45,
  "R": 8.3144,
  "T": 310,
  "T_exp": 297,
  "Vol": 1e-12,
  "b": 0.5,
  "beta1": 1.66,
  "beta2": 0.0249,
  "beta3": 4,
  "beta4": 2.83,
  "beta5": 1.3,
  "beta6": 2.66,
  "beta7": 0.16,
  "beta_max": 2.055,
  "conc": 0.001,
  "d_ACT": 0.001,
  "d_INH": 0.0014,
  "d_IP3": 0.00025,
  "deltaPsi_B": 50,
  "deltaPsi_star": 91,
  "deltapH": -0.4,
  "fc": 0.01,
  "fe": 0.01,
  "fm": 0.0003,
  "frac": 0.5,
  "g": 0.85,
  "g_H": 0.0033333,
  "k_serca": 0.00042,
  "n": 2,
  "na": 2.8,
  "nhyd": 2.7,
  "p1": 1.346e-08,
  "p2": 7.739e-07,
  "p3": 6.65e-15,
  "pa": 1.656e-05,
  "pb": 3.373e-07,
  "pc1": 9.651e-14,
  "pc2": 4.845e-19,
  "r1": 2.077e-18,
  "r2": 1.728e-09,
  "r3": 1.059e-26,
  "ra": 6.394e-10,
  "rb": 1.762e-13,
  "rc1": 2.656e-19,
  "rc2": 8.632e-27,
  "rho_F1": 0.7,
  "rho_res": 0.4,
  "tau_d_CaCl": 0.03,
  "tau_d_NSCC": 0.35,
  "tauh": 4,
  "total_ANP_i": 2,
  "total_ANP_m": 12,
  "total_NAD_m": 8,
  "u1": 15,
  "u2": 1.1
}