{
  "ACh": 1e-24,
  "Ca_b": 1.8,
  "Cm": 50,
  "E_Ca_app": 60,
  "F": 96487,
  "I_up_max": 2800,
  "K_NaCa": 0.0374842,
  "K_NaK_K": 1,
  "K_b": 5.4,
  "Mg_i": 2.5,
  "Na_b": 130,
  "P_Na": 0.0018,
  "R": 8314,
  "T": 306.15,
  "Vol_c": 0.000800224,
  "Vol_d": 0.00011768,
  "Vol_i": 0.005884,
  "Vol_rel": 4.41e-05,
  "Vol_up": 0.0003969,
  "alpha_rel": 200000,
  "d_NaCa": 0.0003,
  "g_B_Ca": 0.078681,
  "g_B_Na": 0.060599,
  "g_Ca_L": 6.75,
  "g_K1": 3.1,
  "g_Kr": 0.5,
  "g_Ks": 1,
  "g_kur": 2.25,
  "g_t": 8.25,
  "gamma_Na": 0.45,
  "i_CaP_max": 4,
  "i_NaK_max": 68.55,
  "k_Ca": 0.025,
  "k_CaP": 0.0002,
  "k_cyca": 0.0003,
  "k_rel_d": 0.003,
  "k_rel_i": 0.0003,
  "k_srca": 0.5,
  "k_xcs": 0.4,
  "phi_Na_en": 0,
  "pow_K_NaK_Na_15": 36.4829,
  "r_recov": 0.815,
  "stim_amplitude": -15,
  "stim_duration": 0.006,
  "stim_offset": 0,
  "stim_period": 1,
  "tau_Ca": 24.7,
  "tau_K": 10,
  "tau_Na": 14.3,
  "tau_di": 0.01,
  "tau_tr": 0.01
}