{
  "s9": {
    "trajectory_type": 2,
    "trajectory_type_name": "dec_stable",
    "bounds": [
      0.0823866445039268,
      8.670573788972826
    ],
    "period": 0.0
  },
  "s10": {
    "trajectory_type": 1,
    "trajectory_type_name": "inc_stable",
    "bounds": [
      1.0,
      147.8349484515834
    ],
    "period": 0.0
  },
  "s11": {
    "trajectory_type": 4,
    "trajectory_type_name": "increasing",
    "bounds": [
      0.2137961796064952,
      55.284774750735565
    ],
    "period": 0.0
  },
  "species_1": {
    "trajectory_type": 1,
    "trajectory_type_name": "inc_stable",
    "bounds": [
      1.0,
      2.638694558960472
    ],
    "period": 0.0
  },
  "species_3": {
    "trajectory_type": 2,
    "trajectory_type_name": "dec_stable",
    "bounds": [
      5.96357391117307e-05,
      1.2116579560721876
    ],
    "period": 0.0
  },
  "species_4": {
    "trajectory_type": 0,
    "trajectory_type_name": "directly_stable",
    "bounds": [
      0.1526636121667455,
      1.1009308539414748
    ],
    "period": 0.0
  },
  "species_12": {
    "trajectory_type": 4,
    "trajectory_type_name": "increasing",
    "bounds": [
      1.0,
      229.87875247960991
    ],
    "period": 0.0
  }
}