{
  "Bmax_c": 0.00012,
  "Bmax_f1": 0.0002,
  "Bmax_f2": 0.0011,
  "Bmax_s": 0.008,
  "Ca_e": 0.002,
  "K_offs": 5.596536,
  "K_ons": 8772,
  "Kb_c": 9.6e-07,
  "Kb_dye": 2e-07,
  "Kb_f1": 1.7e-05,
  "Kb_f2": 1.3e-05,
  "Km_NaCaX": 3.6e-05,
  "Km_s": 2.5e-07,
  "Rt": 1.5e-07,
  "V_c": 0.9287,
  "V_f": 0.0013,
  "V_s": 0.07,
  "Vmax_NaCaX": 0.0012,
  "Vmax_s": 0.000525,
  "dye_c": 0,
  "k1": 0.2,
  "k_off1": 1400,
  "k_off2": 3.9,
  "k_on1": 2000000000,
  "k_on2": 13000000,
  "k_s": 9,
  "kf": 2500
}