{
  "A_cap": 15340.0,
  "B_CMDN": 0.05,
  "B_TRPN": 0.07,
  "Ca_o": 1,
  "F": 96487,
  "J_L": 0.000913,
  "J_R": 0.02,
  "K_L": 0.00022,
  "K_RyR": 0.041,
  "K_SERCA": 0.0005,
  "K_mCa": 1.38,
  "K_mNa": 87.5,
  "K_mpCa": 0.0005,
  "N": 50000,
  "Na_i": 10,
  "Na_o": 140,
  "R": 8314.5,
  "T": 295,
  "V_L": -2,
  "V_SR": 2098.0,
  "V_myo": 25840.0,
  "a": 0.0625,
  "b": 14,
  "c": 0.01,
  "d": 100,
  "del_VL": 7,
  "eta": 0.35,
  "g_CaB": 2.6875e-08,
  "g_D": 0.065,
  "g_NCX": 0.0385,
  "g_SERCA": 0.00045,
  "g_SRl": 1.8951e-05,
  "g_pCa": 3.5e-06,
  "k_CMDN": 0.002382,
  "k_m_TRPN": 0.04,
  "k_p_TRPN": 40.0,
  "k_sat": 0.1,
  "phi_L": 2.35,
  "phi_R": 0.05,
  "t_L": 1,
  "tau_L": 650,
  "tau_R": 2.43,
  "theta_R": 0.012
}