{
  "CM_tot": 0.045,
  "CQ_tot": 10,
  "Cao": 2,
  "Cm": 32,
  "E_CaL": 45,
  "E_CaT": 45,
  "E_st": 37.4,
  "F": 96485000000000000,
  "K1ni": 395.3,
  "K1no": 1628,
  "K2ni": 2.289,
  "K2no": 561.4,
  "K3ni": 26.44,
  "K3no": 4.663,
  "K_rel": 0.0012,
  "K_up": 0.0006,
  "Kci": 0.0207,
  "Kcni": 26.44,
  "Kco": 3.663,
  "Km_Kp": 1.4,
  "Km_Nap": 14,
  "Km_fCa": 0.00035,
  "Ko": 5.4,
  "Mgi": 2.5,
  "Nao": 140,
  "P_rel": 0.5,
  "P_up": 0.005,
  "Qci": 0.1369,
  "Qco": 0,
  "Qn": 0.4315,
  "R": 8314400000000000,
  "T": 310.15,
  "TC_tot": 0.031,
  "TMC_tot": 0.062,
  "V_i": 1.5835e-12,
  "V_rel": 4.2223e-15,
  "V_sub": 3.5098e-14,
  "V_up": 4.0816e-14,
  "beta_fCa": 60,
  "g_CaL": 0.58,
  "g_CaT": 0.458,
  "g_Ks": 0.0259,
  "g_b_Na": 0.0054,
  "g_h_K": 0.2312625,
  "g_h_Na": 0.1437375,
  "g_st": 0.015,
  "g_sus": 0.02,
  "g_to": 0.18,
  "i_NaK_max": 3.6,
  "kNaCa": 125,
  "kb_CM": 0.542,
  "kb_CQ": 0.445,
  "kb_TC": 0.446,
  "kb_TMC": 0.00751,
  "kb_TMM": 0.751,
  "kf_CM": 227.7,
  "kf_CQ": 0.534,
  "kf_TC": 88.8,
  "kf_TMC": 227.7,
  "kf_TMM": 2.277,
  "tau_dif_Ca": 0.04,
  "tau_tr": 60
}