{
  "BSLmax": 1.124,
  "BSRmax": 0.047,
  "CTKClmax": 7.0756e-06,
  "CTNaClmax": 9.8443e-06,
  "CaMK0": 0.05,
  "Ca_o": 1.8,
  "Cl_o": 100,
  "F": 96485,
  "FonRT": 0.0374358835078,
  "GClb": 0.000225,
  "GNaL": 0.0065,
  "K_o": 5.4,
  "Km": 0.0015,
  "KmBSL": 0.0087,
  "KmBSR": 0.00087,
  "KmCa": 0.000125,
  "KmCaMK": 0.15,
  "KmCai": 0.0036,
  "KmCao": 1.3,
  "KmNai": 12.3,
  "KmNao": 87.5,
  "Kmto2": 0.1502,
  "Kmup": 0.00092,
  "NCXmax": 4.05,
  "Na_o": 140,
  "PCl": 4e-07,
  "a": 0.0011,
  "cbar": 0.05,
  "csqnbar": 10,
  "dJupmax": 0.75,
  "dKmPLBmax": 0.00017,
  "dtau_rel_max": 10,
  "eta": 0.35,
  "gacai": 1,
  "gacao": 0.341,
  "gitodv": 0.095,
  "ibarnak": 0.61875,
  "ibarpca": 0.0575,
  "iupmax": 0.004375,
  "kmc": 0.00238,
  "kmcsqn": 0.8,
  "kmko": 1.5,
  "kmnai": 10,
  "kmpca": 0.0005,
  "kmt": 0.0005,
  "ksat": 0.27,
  "l": 0.01,
  "nsrmax": 15,
  "pca": 0.000243,
  "prnak": 0.01833,
  "stim_amplitude": -20,
  "stim_duration": 3,
  "stim_offset": 0,
  "stim_period": 1000.0,
  "tbar": 0.07,
  "tissue": 0
}