{
  "ADHMV": 1.0,
  "AMM": 1.0,
  "ANU": 0.925271,
  "ANUVN": 1.0,
  "ANY": -0.2,
  "ARM": 1.16463,
  "ATRRFB": 1.0,
  "ATRVFB": 0.0,
  "AU": 1.00022,
  "AUH": 1.00012,
  "AUM": 1.00066,
  "AVE": 1.0,
  "CN2": 0.0212,
  "CN7": 0.2,
  "CV": 0.1,
  "FIS": 0,
  "HMD": 1.0,
  "HPL": 1.00163,
  "HPR": 1.00237,
  "HSL": 1,
  "HSR": 1,
  "HTAUML": 0.4,
  "MYOGRS": 1.0,
  "OSA": 0.97287,
  "PAEX": 2,
  "PAMK": 1.0,
  "PC": 16.9144,
  "PR1LL": 0,
  "QRF": 0.15,
  "RAM": 96.3,
  "RAR": 30.52,
  "RBF": 1.22057,
  "RMULT1": 1,
  "RVSM": 1,
  "VIM": 1.00076,
  "VP": 3.00449,
  "VRC": 2.00439,
  "VV6": 0.0101913,
  "VV7": 0.00366525,
  "VVR": 2.50967
}