{
  "COtau": 15,
  "COutput": 108.56912706,
  "Caod": 1.4544677036,
  "Caop": 0.3445734208,
  "Ccorao": 0.13,
  "Ccorcap": 1.8,
  "Ccorea": 0.05507,
  "Ccorev": 0.832299,
  "Ccorla": 0.09129,
  "Ccorlv": 0.68372,
  "Ccorsa": 0.15602,
  "Ccorsv": 0.58155,
  "Cpa": 3.1321449506,
  "Cpc": 7.7147,
  "Cpv": 27.87028922,
  "Csap": 1.4843409851,
  "Csc": 7.9822364317,
  "Ctpad": 2.6893667388,
  "Ctpap": 1.5365929068,
  "D2": -5,
  "Do": 50,
  "Emaxla": 0.1446191772,
  "Emaxlv": 5.6,
  "Emaxra": 0.1091675077,
  "Emaxrv": 0.67,
  "Eminla": 0.1314719793,
  "Eminlv": 0.186874659,
  "Eminra": 0.0992431888,
  "Eminrv": 0.1041640922,
  "F_vaso": 0.5,
  "HR": 77,
  "K1": 0.0968305478,
  "K2": 0.4,
  "KR": 0.001,
  "K_pcd": 1,
  "Kc": 497.7852450367,
  "Kp1": 0.03,
  "Kp2": 0.05,
  "Kr": 0.01,
  "Kv": 21.83,
  "Laod": 0.00035,
  "Laop": 0.00035,
  "Lpa": 0.0001801907,
  "Lpad": 0.0001932239,
  "PRint": 0.12,
  "Pbs": 0,
  "Pplc": -5.6,
  "Px1": 1,
  "Px2": 2,
  "Raod": 0.025,
  "Raop": 0.0001,
  "Rav": 0.0001,
  "Rcorao": 2.642367,
  "Rcorcap": 4.227788,
  "Rcorea": 2.642367,
  "Rcorev": 0.4932479,
  "Rcorla": 5.073345,
  "Rcorlv": 0.4932479,
  "Rcorsa": 5.073345,
  "Rcorsv": 0.4932479,
  "Rcrb": 6.8284472205,
  "Rla": 0.001,
  "Ro": 0.025,
  "Rpa": 0.0565149137,
  "Rpad": 0.03,
  "Rpap": 0.0001,
  "Rpc": 0.0309026688,
  "Rps": 4.2958026137,
  "Rpuv": 0.0001,
  "Rpv": 0.0001,
  "Rra": 0.001,
  "Rsao": 0.5508058134,
  "Rsap": 0.025,
  "Rsc": 0.1545054945,
  "Rsv": 0.1381298227,
  "Rtaod": 0.3,
  "Rtaop": 0.2,
  "Rtpad": 0.05,
  "Rtpap": 0.05,
  "TsaK": 0.2,
  "TsvK": 0.35,
  "Vlard": 10,
  "Vlars": 8,
  "Vlvrd": 72,
  "Vlvrs": 23,
  "Vmax_sv": 3379.545,
  "Vmax_vc": 350.5314,
  "Vmin_vc": 50.010747,
  "Vmyo": 238,
  "Vo": 129.6486,
  "Vpcd_o": 785,
  "Vrard": 10,
  "Vrars": 8,
  "Vrvrd": 103,
  "Vrvrs": 53,
  "Vsa_max": 577.7106000108,
  "Vsa_o": 485.7624931891,
  "Vx1": 1,
  "Vx75": 75,
  "Vx8": 8,
  "perifl": 15,
  "phi_pcd": 40,
  "tau_p": 0.1
}