{
  "CMDN_max": 0.05,
  "CSQN_max": 10,
  "Ca_o": 1.8,
  "Ca_up_max": 15,
  "Cm": 100,
  "F": 96.4867,
  "I_NaCa_max": 1600,
  "I_up_max": 0.005,
  "K_Q10": 3,
  "K_mCa": 1.38,
  "K_mNa": 87.5,
  "K_o": 5.4,
  "K_rel": 30,
  "K_sat": 0.1,
  "K_up": 0.00092,
  "Km_CMDN": 0.00238,
  "Km_CSQN": 0.8,
  "Km_K_o": 1.5,
  "Km_Na_i": 10,
  "Km_TRPN": 0.0005,
  "Na_o": 140,
  "R": 8.3143,
  "T": 310,
  "TRPN_max": 0.07,
  "V_cell": 20100,
  "g_B_Ca": 0.001131,
  "g_B_K": 0,
  "g_B_Na": 0.0006744375,
  "g_Ca_L": 0.12375,
  "g_K1": 0.09,
  "g_Kr": 0.029411765,
  "g_Ks": 0.12941176,
  "g_Na": 7.8,
  "g_to": 0.1652,
  "gamma": 0.35,
  "i_CaP_max": 0.275,
  "i_NaK_max": 0.59933874,
  "stim_amplitude": -2000,
  "stim_duration": 2,
  "stim_end": 50000,
  "stim_period": 1000,
  "stim_start": 50,
  "tau_f_Ca": 2.0,
  "tau_tr": 180,
  "tau_u": 8.0
}