{
  "S0": 0.01,
  "S1": 0.01,
  "S2": 0.01,
  "S3": 0.01,
  "S4": 0.01,
  "a00": -0.00843,
  "a02": -0.44,
  "a10": 0.082,
  "a11": -0.004,
  "a12": -0.0668,
  "a20": 0.0,
  "a21": 0.031,
  "a22": -0.0957,
  "a23": 0.0576,
  "a24": 0.000325,
  "a32": 0.00869,
  "a33": -0.00857,
  "a42": 0.000139,
  "a44": -0.000143,
  "c0": 0.443,
  "e0": 0.0,
  "e1": 0.0,
  "e2": 0.0,
  "epsilon": 0.5
}