{
  "D_c": 3.16e-05,
  "D_o": 1.56e-05,
  "E": 2.5,
  "E_1": 2.5,
  "K_R": 3600000,
  "K_T": 10000,
  "L": 171200000,
  "P_m": 760,
  "P_m_1": 760,
  "P_w": 47,
  "R": 1,
  "R_1": "(2.00000* pi*1.00000)/5.00000",
  "T_h": 0.002,
  "V_D": 0.151,
  "V_T": 0.41,
  "V_T_1": 0.41,
  "V_c": 0.071,
  "delta": "power(10.0000, 1.90000)",
  "f_cm": 0,
  "f_om": 0.21,
  "h": "1.00000*(power(10.0000, -7.40000))",
  "l_2": 164000,
  "omega": 1.256637,
  "r_2": 0.12,
  "sigma": 1.4e-06,
  "sigma_c": 3.3e-05
}