{
  "Adenosine_Total": 5,
  "B": 1.2,
  "CMDN_max": 0.05,
  "CSQN_max": 10,
  "Cao": 1.8,
  "Cm": 132,
  "Diadid_Factor": -150,
  "F": 96.4867,
  "ForceFactor": 1800000,
  "KForceEC": 140000,
  "KForceLinearEc": 200,
  "K_mCMDN": 0.00238,
  "K_mCSQN": 0.8,
  "Km_ATP": 0.094,
  "Km_ATP_1": 0.1,
  "Km_CaCyto": 0.0008,
  "Km_CaSR": 0.08,
  "Km_Cai": 0.00138,
  "Km_Cao": 1.38,
  "Km_Ki": 32.88,
  "Km_Ko": 0.258,
  "Km_Nai": 8.75,
  "Km_Nai_1": 4.05,
  "Km_Nao": 87.5,
  "Km_Nao_1": 69.8,
  "Ko": 5.4,
  "L": 0.9623799975411884,
  "L_a": 1.17,
  "N": 2333,
  "Nao": 140,
  "P_CaL": 8712,
  "P_CaT": 612,
  "P_Cab": 0.04,
  "P_K1_0": 1.146,
  "P_KATP": 0.0236,
  "P_Kr": 0.00864,
  "P_Ks_K": 5.04,
  "P_Ks_Na": 0.2016,
  "P_Na": 2860,
  "P_NaCa": 6.81,
  "P_NaK": 21,
  "P_RyR": 62000,
  "P_SR_L": 459,
  "P_SR_T": 386,
  "P_bNSC": 0.385,
  "P_lCa": 0.11,
  "P_to_K": 0.033,
  "P_to_Na": 0.00297,
  "Partition": 0.32,
  "ProducingRate_Max": 0.003,
  "R": 8.3143,
  "T": 310,
  "T_t": 0.07,
  "V_rel": 160,
  "V_up": 400,
  "Vi": 8000,
  "Y_1": 39,
  "Y_2": 0.0039,
  "Y_3": 0.03,
  "Y_4": 0.12,
  "Y_d": 0.027,
  "Z_1": 0.03,
  "Z_2": 0.0039,
  "Z_3": 1560,
  "ZeroForceEL": 0.97,
  "beta_y2": 0.004444,
  "h_c": 0.005,
  "i_max": 162500,
  "k1": 0.01,
  "k2": 0.04,
  "k3": 1,
  "k3_1": 0.01,
  "k3_2": 1,
  "k4": 1,
  "k4_1": 0.165,
  "k4_2": 0.01,
  "k4_3": 0.000849,
  "k_AI_AP": 8.75e-05,
  "k_AI_AP_1": 0.001,
  "k_AP_AI": 0.004,
  "k_CCa_C": 0.0042,
  "k_CCa_UCa": 0.0003,
  "k_C_CCa": 6.954,
  "k_C_U": 0.143,
  "k_UCa_CCa": 0.35,
  "k_U_C": 0.35,
  "k_U_UCa": 6.954,
  "stim_amplitude": -4000,
  "stim_duration": 2,
  "stim_end": 1000000,
  "stim_period": 400,
  "stim_start": 50
}