{
  "A_tot": 0.01,
  "B_x": 0.02,
  "CO2_tot_x": 0.0214,
  "CR_tot": 0.0427,
  "C_IM": 6.75e-06,
  "ExpType": 1,
  "F": 0.096484,
  "FAD_tot": 0.0001,
  "J_AtC": 0,
  "J_Mg_t": 0.0,
  "K_BX": 1e-07,
  "K_H": 1e+20,
  "K_H_1": 1e+20,
  "K_H_10": 1e+20,
  "K_H_11": 1e+20,
  "K_H_12": 1e+20,
  "K_H_13": 1e+20,
  "K_H_14": 1e+20,
  "K_H_15": "1.00000*(power(10.0000, -6.59000))",
  "K_H_17": "1.00000*(power(10.0000, -6.42000))",
  "K_H_19": "1.00000*(power(10.0000, -6.22000))",
  "K_H_2": 1e+20,
  "K_H_20": "1.00000*(power(10.0000, -6.71000))",
  "K_H_21": "1.00000*(power(10.0000, -8.13000))",
  "K_H_22": "1.00000*(power(10.0000, -5.63000))",
  "K_H_23": "1.00000*(power(10.0000, -5.64000))",
  "K_H_24": "1.00000*(power(10.0000, -3.96000))",
  "K_H_25": "1.00000*(power(10.0000, -5.13000))",
  "K_H_26": "1.00000*(power(10.0000, -4.10000))",
  "K_H_27": "1.00000*(power(10.0000, -4.75000))",
  "K_H_28": "1.00000*(power(10.0000, -9.82000))",
  "K_H_29": "1.00000*(power(10.0000, -5.91000))",
  "K_H_3": 1e+20,
  "K_H_30": "1.00000*(power(10.0000, -4.06000))",
  "K_H_31": "1.00000*(power(10.0000, -3.65000))",
  "K_H_4": 1e+20,
  "K_H_5": 1e+20,
  "K_H_6": 1e+20,
  "K_H_7": 1e+20,
  "K_H_8": 1e+20,
  "K_H_9": 1e+20,
  "K_K": 1e+20,
  "K_K_1": 1e+20,
  "K_K_10": 1e+20,
  "K_K_11": 1e+20,
  "K_K_12": 1e+20,
  "K_K_13": 1e+20,
  "K_K_14": 1e+20,
  "K_K_15": 1e+20,
  "K_K_16": 1e+20,
  "K_K_17": 1e+20,
  "K_K_18": 1e+20,
  "K_K_19": 1e+20,
  "K_K_2": 1e+20,
  "K_K_20": 1e+20,
  "K_K_21": 1e+20,
  "K_K_22": 1e+20,
  "K_K_23": "1.00000*(power(10.0000, -1.01300))",
  "K_K_25": "1.00000*(power(10.0000, -0.882000))",
  "K_K_27": "1.00000*(power(10.0000, -0.621500))",
  "K_K_28": "1.00000*(power(10.0000, 0.00740000))",
  "K_K_29": "1.00000*(power(10.0000, -0.339000))",
  "K_K_3": 1e+20,
  "K_K_30": "1.00000*(power(10.0000, -0.352500))",
  "K_K_31": "1.00000*(power(10.0000, 0.107000))",
  "K_K_4": 1e+20,
  "K_K_5": 1e+20,
  "K_K_6": 1e+20,
  "K_K_7": 1e+20,
  "K_K_8": 1e+20,
  "K_K_9": 1e+20,
  "K_Mg": 1e+20,
  "K_Mg_1": 1e+20,
  "K_Mg_10": 1e+20,
  "K_Mg_11": 1e+20,
  "K_Mg_12": 1e+20,
  "K_Mg_13": 1e+20,
  "K_Mg_14": 1e+20,
  "K_Mg_15": 1e+20,
  "K_Mg_16": 1e+20,
  "K_Mg_17": 1e+20,
  "K_Mg_18": "1.00000*(power(10.0000, -3.82000))",
  "K_Mg_2": 1e+20,
  "K_Mg_20": "1.00000*(power(10.0000, -2.79000))",
  "K_Mg_22": "1.00000*(power(10.0000, -1.86000))",
  "K_Mg_23": "1.00000*(power(10.0000, -1.69000))",
  "K_Mg_24": "1.00000*(power(10.0000, -0.862900))",
  "K_Mg_25": "1.00000*(power(10.0000, -3.37000))",
  "K_Mg_26": "1.00000*(power(10.0000, -2.46000))",
  "K_Mg_27": "1.00000*(power(10.0000, -1.17000))",
  "K_Mg_28": "1.00000*(power(10.0000, -1.55000))",
  "K_Mg_29": "1.00000*(power(10.0000, -1.02000))",
  "K_Mg_3": 1e+20,
  "K_Mg_30": "1.00000*(power(10.0000, -1.82000))",
  "K_Mg_31": "1.00000*(power(10.0000, -2.32000))",
  "K_Mg_4": 1e+20,
  "K_Mg_5": 1e+20,
  "K_Mg_6": 1e+20,
  "K_Mg_7": 1e+20,
  "K_Mg_8": 1e+20,
  "K_Mg_9": 1e+20,
  "K_aADP": 5e-05,
  "K_aADP_1": 0.0001,
  "K_aFUM": 0.000375,
  "K_aSUC": 0.00045,
  "K_iACCOA": 4.02e-05,
  "K_iADP": 0.0018,
  "K_iADP_1": 0.0004,
  "K_iADP_2": 0.0003944,
  "K_iAKG": 0.0166,
  "K_iAMP": 0.006,
  "K_iAMP_1": 0.00042,
  "K_iAMP_2": 0.00065,
  "K_iASPi": 2.8e-05,
  "K_iASPx": 0.0028,
  "K_iATP": 0.0009,
  "K_iATP_1": 9.1e-05,
  "K_iATP_2": 5e-05,
  "K_iATP_3": 4e-05,
  "K_iATP_4": 0.0001832,
  "K_iCIT": 0.0016,
  "K_iCIT_1": 0.0035,
  "K_iCOASH": 6.7e-05,
  "K_iGDP": 0.00033,
  "K_iGLUi": 0.00018,
  "K_iGLUx": 0.0016,
  "K_iGTP": 8e-05,
  "K_iNADH": 4e-05,
  "K_iOAA": 1.5e-06,
  "K_iSCOA": 0.00014,
  "K_ia": 3.33e-06,
  "K_ia_1": 5.5e-06,
  "K_ia_2": 0.00012,
  "K_ia_3": 0.000279,
  "K_ia_4": 0.00017,
  "K_ia_5": 0.00348,
  "K_ia_6": 0.001,
  "K_ib": 2.38e-05,
  "K_ib_1": 0.0001,
  "K_ib_2": 0.00036,
  "K_ib_3": 0.0001436,
  "K_ib_4": 0.00071,
  "K_ib_5": 4.7e-05,
  "K_ic": 0.002,
  "K_ip": 2e-05,
  "K_ip_1": 5.5e-06,
  "K_ip_2": 0.0001466,
  "K_ip_3": 5e-05,
  "K_ip_4": 4.7e-05,
  "K_iq": 2.9e-05,
  "K_iq_1": 6.9e-06,
  "K_iq_2": 0.003,
  "K_iq_3": 0.001275,
  "K_iq_4": 3.18e-06,
  "K_iq_5": 0.0001565,
  "K_iq_6": 0.0084,
  "K_iq_7": 0.001,
  "K_ir": 1.11e-05,
  "K_ir1": 6.010527470838273e-07,
  "K_ir2": 1000.0,
  "K_ir_akgd": 6.04e-07,
  "K_mA": 3.83e-05,
  "K_mAKGi": 0.0003,
  "K_mAKGx": 0.00017,
  "K_mA_1": 4e-06,
  "K_mA_2": 0.001161,
  "K_mA_3": 7.4e-05,
  "K_mA_4": 8e-05,
  "K_mA_5": 1.6e-05,
  "K_mA_6": 0.000111,
  "K_mA_7": 0.0039,
  "K_mA_8": 0.001,
  "K_mB": 9.9e-06,
  "K_mB_1": 1.4e-05,
  "K_mB_2": 0.000183,
  "K_mB_3": 5.5e-05,
  "K_mB_4": 5.5e-05,
  "K_mB_5": 0.0001,
  "K_mB_6": 0.00043,
  "K_mB_7": 4.7e-05,
  "K_mC": 6.07e-05,
  "K_mCOQ": 0.00048,
  "K_mC_1": 2.1e-05,
  "K_mC_2": 0.00066,
  "K_mFUM": 0.0012,
  "K_mFUM_1": 4.47e-05,
  "K_mMAL": 0.0001977,
  "K_mMAL_1": 0.00025,
  "K_mMALi": 0.0014,
  "K_mMALx": 0.0007,
  "K_mNAD": 9.055e-05,
  "K_mNADH": 2.58e-06,
  "K_mOAA": 6.128e-06,
  "K_mP": 0.000434,
  "K_mP_1": 2e-05,
  "K_mP_2": 0.00026,
  "K_mP_3": 8.8e-05,
  "K_mP_4": 4.7e-05,
  "K_mQ": 0.00088,
  "K_mQH2": 2.45e-06,
  "K_mQ_1": 0.000278,
  "K_mQ_2": 0.0089,
  "K_mQ_3": 0.001,
  "K_mR": 1.11e-05,
  "K_mSUC": 0.000467,
  "Ki_G6P": 1e-05,
  "NAD_tot": 0.00297,
  "P_ACCOA_x": 1.0,
  "P_AKG_x": 1.0,
  "P_COQ_x": 1.0,
  "P_FADH2_x": 1.0,
  "P_FAD_x": 1.0,
  "P_GLC_c": 1.0,
  "P_H_x": 1.0,
  "P_K_x": 1.0,
  "P_Mg_x": 1.0,
  "P_NADH_x": 1.0,
  "P_NAD_x": 1.0,
  "P_O2_x": 1.0,
  "P_QH2_x": 1.0,
  "Q_tot": 0.00135,
  "StateType": 2,
  "W_i": 0.072376,
  "W_x": 0.651384,
  "X_AK": 10000000.0,
  "X_AKGMAL": 0.282091450119444,
  "X_ANT": 0.007522124149343,
  "X_ASPGLU": 5.865621634754698e-05,
  "X_C1": 32364.81869934019,
  "X_C3": 0.790813746051711,
  "X_C4": 0.0001076088893810943,
  "X_CITMAL": 80.43211032286638,
  "X_CK": 10000000.0,
  "X_F1": 8120.393248498723,
  "X_GLUH": 272511421.5177993,
  "X_Hle": 302.092849850504,
  "X_KH": 4758023.126099895,
  "X_MALPI": 16.062441848715917,
  "X_PYRH": 299677927.3769102,
  "X_PiHt": 33355685.00871044,
  "X_SUCMAL": 96.99561824738987,
  "X_acon": 0.027665411180519,
  "X_akgd": 0.087630003425524,
  "X_cits": 9.82530750761898,
  "X_fum": 0.00707728025683,
  "X_got": 4.551391837332316,
  "X_isod": 0.492047553306503,
  "X_mdh": 0.077060004692409,
  "X_ndk": 0.025543515147654,
  "X_pdh": 0.205093643103884,
  "X_scoas": 0.448520452008943,
  "X_sdh": 0.08578867843174,
  "conversion_factor": 1,
  "conversion_factor_1": 1,
  "conversion_factor_2": 1,
  "conversion_factor_3": 1,
  "cytC_tot": 0.0027,
  "dAMP_x_dt": 0,
  "dCO2_tot_x_dt": 0,
  "dFADH2_x_dt": 0,
  "dFAD_x_dt": 0,
  "dGf1_ACCOA": -178.19,
  "dGf1_ADP": -1903.96,
  "dGf1_AKG": -793.41,
  "dGf1_AMP": -1034.66,
  "dGf1_ASP": -692.26,
  "dGf1_ATP": -2771,
  "dGf1_CIT": -1165.59,
  "dGf1_CO2_tot": -530.71,
  "dGf1_COASH": -0.72,
  "dGf1_COQ": 65.17,
  "dGf1_Cox": -6.52,
  "dGf1_Cr": -252.68,
  "dGf1_Cred": -27.41,
  "dGf1_FAD": 19.55,
  "dGf1_FADH2": -67.6,
  "dGf1_FUM": -603.32,
  "dGf1_G6P": -1758.87,
  "dGf1_GDP": -1903.96,
  "dGf1_GLC": -907.21,
  "dGf1_GLU": -692.4,
  "dGf1_GTP": -2771,
  "dGf1_H2O": -235.74,
  "dGf1_ICIT": -1158.94,
  "dGf1_MAL": -842.66,
  "dGf1_NAD": 18.1,
  "dGf1_NADH": 39.31,
  "dGf1_O2": 16.4,
  "dGf1_OAA": -794.74,
  "dGf1_PCr": 0,
  "dGf1_PYR": -470.82,
  "dGf1_Pi": -1098.27,
  "dGf1_QH2": -23.3,
  "dGf1_SCOA": -507.55,
  "dGf1_SUC": -690.44,
  "dH_x_dt": 0.0,
  "dK_x_dt": 0.0,
  "dMg_x_dt": 0.0,
  "dO2_x_dt": 0,
  "gamma": 5.99,
  "k_O2": 0.00012,
  "k_PI_1": 3.248913595933763e-05,
  "k_PI_2": 0.003474542589709,
  "k_PiHt": 0.00161251709168,
  "k_mADP": 3.5e-06,
  "legend_constants_382": 0.0,
  "legend_constants_383": 0.0,
  "legend_constants_384": 0.0,
  "legend_constants_385": 0.0,
  "legend_constants_386": 0.0,
  "legend_constants_387": 0.0,
  "m": 1.8,
  "minCon": 1e-32,
  "minCon_1": 1e-32,
  "minCon_2": 1e-32,
  "minCon_3": 1e-32,
  "minCon_4": 1e-32,
  "minCon_5": 1e-32,
  "minCon_6": 1e-32,
  "minCond": 1e-09,
  "minCond_1": 1e-09,
  "n_A": 3,
  "n_H": 3,
  "pKa_ASPGLU": 6.5,