{
  "CN_x_0": 5.6,
  "Glc_x_0": 24.0,
  "K10_ADP": 0.17,
  "K10_PEP": 0.2,
  "K11": 0.3,
  "K12_ACA": 0.71,
  "K12_NADH": 0.1,
  "K15_DHAP": 25.0,
  "K15_INAD": 0.13,
  "K15_INADH": 0.034,
  "K15_NADH": 0.13,
  "K2_Glc": 1.7,
  "K2_IG6P": 1.2,
  "K2_IIG6P": 7.2,
  "K3_ATP": 0.1,
  "K3_DGlc": 0.37,
  "K3_Glc": 0.0,
  "K4_F6P": 0.15,
  "K4_G6P": 0.8,
  "K4_eq": 0.13,
  "K5": 0.021,
  "K6_DHAP": 2.0,
  "K6_FBP": 0.3,
  "K6_GAP": 4.0,
  "K6_IGAP": 10.0,
  "K6_eq": 0.081,
  "K7_DHAP": 1.23,
  "K7_GAP": 1.27,
  "K7_eq": 0.055,
  "K8_BPG": 0.01,
  "K8_GAP": 0.6,
  "K8_NAD": 0.1,
  "K8_NADH": 0.06,
  "K8_eq": 0.0055,
  "P2": 1.0,
  "V_10m": 343.096,
  "V_11m": 53.1328,
  "V_12m": 89.8023,
  "V_15m": 81.4797,
  "V_2m": 1014.96,
  "V_3m": 51.7547,
  "V_4m": 496.042,
  "V_5m": 45.4327,
  "V_6f": 2207.82,
  "V_6r": 11039.1,
  "V_7m": 116.365,
  "V_8m": 833.858,
  "k0": 0.048,
  "k13": 16.72,
  "k16": 1.9,
  "k18": 24.7,
  "k20": 0.00283828,
  "k22": 2.25932,
  "k23": 3.2076,
  "k24f": 432.9,
  "k24r": 133.333,
  "k9f": 443866.0,
  "k9r": 1528.62,
  "kappa5": 0.15,
  "y_vol": 59.0
}